id;name;set;buy;current;diff;diffpct
43141;Animate Dead;Premium Deck Series: Graveborn;0,03;None;#¡VALOR!;#¡VALOR!
43123;Buried Alive;Premium Deck Series: Graveborn;0,01;None;#¡VALOR!;#¡VALOR!
43091;Crystal Vein;Premium Deck Series: Graveborn;0,01;None;#¡VALOR!;#¡VALOR!
31564;Jace Beleren;Duel Decks: Jace vs. Chandra;0,46;None;#¡VALOR!;#¡VALOR!
43111;Sphinx of the Steel Wind;Premium Deck Series: Graveborn;0,03;None;#¡VALOR!;#¡VALOR!
43117;Terastodon;Premium Deck Series: Graveborn;0,02;None;#¡VALOR!;#¡VALOR!
43103;Polluted Mire;Premium Deck Series: Graveborn;0,01;None;#¡VALOR!;#¡VALOR!
35358;Terramorphic Expanse;Premium Deck Series: Slivers;0,02;None;#¡VALOR!;#¡VALOR!
52879;Jace, the Mind Sculptor;Vintage Masters;8,77;57,09;48,32;651%
49271;Scavenging Ooze;Magic 2014;2,31;11,96;9,65;518%
55141;Commander's Sphere;Commander 2014;1,59;10,19;8,60;641%
37861;Wurmcoil Engine;Magic Online Promos;5,99;12,89;6,90;215%
42512;Snapcaster Mage;Innistrad;9,42;14,36;4,94;152%
56642;Time Warp;Tempest Remastered;6,31;10,40;4,09;165%
27705;Karplusan Forest;Tenth Edition;0,38;3,97;3,59;1045%
51366;Toxic Deluge;Commander 2013;5,77;8,85;3,08;153%
62653;Baral, Chief of Compliance;Aether Revolt;0,91;3,79;2,88;416%
31417;Damnation;Magic Online Promos;3,30;6,14;2,84;186%
62307;Thrasios, Triton Hero;You Make the Cube;1,66;4,44;2,78;267%
57200;Kozilek, Butcher of Truth;Modern Masters 2015;1,43;3,70;2,27;259%
60977;Maelstrom Wanderer;Eternal Masters;1,01;3,19;2,18;316%
31915;Ancient Ziggurat;Conflux;0,13;2,24;2,11;1723%
26822;Tolaria West;Future Sight;2,02;4,04;2,02;200%
62327;Tymna the Weaver;You Make the Cube;0,51;2,52;2,01;494%
43921;Craterhoof Behemoth;Avacyn Restored;4,85;6,60;1,75;136%
36120;Priest of Titania;Magic Online Promos;0,02;1,64;1,62;8200%
10043;Ancient Tomb;Tempest;3,51;5,11;1,60;146%
25889;Gemstone Caverns;Time Spiral;1,46;3,05;1,59;209%
58949;Ghostly Prison;Legendary Cube;1,33;2,80;1,47;211%
7035;Harbinger of Night;Mirage;0,35;1,77;1,42;506%
60004;The Gitrog Monster;Shadows over Innistrad;0,79;2,18;1,39;276%
42670;Hinterland Harbor;Innistrad;0,21;1,55;1,34;738%
57206;Ulamog, the Infinite Gyre;Modern Masters 2015;1,14;2,47;1,33;217%
50274;Nykthos, Shrine to Nyx;Theros;0,50;1,82;1,32;364%
42652;Isolated Chapel;Innistrad;0,59;1,90;1,31;322%
57202;All Is Dust;Modern Masters 2015;3,25;4,53;1,28;139%
30895;Relic of Progenitus;Shards of Alara;0,49;1,75;1,26;357%
42668;Sulfur Falls;Innistrad;0,61;1,85;1,24;303%
58953;Propaganda;Legendary Cube;0,44;1,65;1,21;375%
62321;Sidar Kondo of Jamuraa;You Make the Cube;0,08;1,26;1,18;1575%
42660;Woodland Cemetery;Innistrad;0,21;1,39;1,18;662%
62275;Selvala, Heart of the Wilds;You Make the Cube;1,30;2,48;1,18;191%
21097;Sakura-Tribe Elder;Champions of Kamigawa;0,04;1,19;1,15;2975%
46423;Detention Sphere;Return to Ravnica;0,60;1,73;1,13;288%
60963;Ashnod's Altar;Eternal Masters;0,72;1,84;1,12;256%
47979;Command Tower;Magic Online Promos;0,03;1,05;1,02;3500%
35737;Stoneforge Mystic;Worldwake;2,88;3,90;1,02;135%
43544;Survival of the Fittest;Magic Online Promos;0,03;1,00;0,97;3333%
31431;Eternal Witness;Magic Online Promos;2,30;3,24;0,94;141%
34542;Oracle of Mul Daya;Zendikar;0,43;1,36;0,93;316%
37388;Preordain;Magic 2011;0,39;1,32;0,93;338%
51851;Courser of Kruphix;Born of the Gods;2,33;3,23;0,90;139%
57350;Blinkmoth Nexus;Modern Masters 2015;1,82;2,68;0,86;147%
52120;Mana Confluence;Journey into Nyx;2,85;3,67;0,82;129%
50306;Thassa, God of the Sea;Theros;1,23;2,05;0,82;167%
51966;Temple of Epiphany;Journey into Nyx;0,99;1,79;0,80;181%
53628;Chasm Skulker;Magic 2015;0,33;1,11;0,78;336%
62301;Akiri, Line-Slinger;You Make the Cube;0,50;1,26;0,76;252%
45312;Rootbound Crag;Magic 2013;0,03;0,79;0,76;2633%
55113;Unstable Obelisk;Commander 2014;0,10;0,85;0,75;850%
58056;Nissa, Vastwood Seer;Magic Origins;1,63;2,37;0,74;145%
54859;Frost Titan;Commander 2014;0,33;1,03;0,70;312%
62317;Reyhan, Last of the Abzan;You Make the Cube;1,15;1,83;0,68;159%
41221;Drowned Catacomb;Magic 2012;0,21;0,87;0,66;414%
43815;Terminus;Avacyn Restored;0,10;0,76;0,66;760%
62325;Tana, the Bloodsower;You Make the Cube;0,13;0,77;0,64;592%
62323;Silas Renn, Seeker Adept;You Make the Cube;0,19;0,82;0,63;432%
21685;Disrupting Shoal;Betrayers of Kamigawa;2,27;2,88;0,61;127%
22655;Shivan Reef;Ninth Edition;0,84;1,44;0,60;171%
22623;Underground River;Ninth Edition;0,94;1,51;0,57;161%
28345;Mosswort Bridge;Lorwyn;0,38;0,93;0,55;245%
62375;Kynaios and Tiro of Meletis;You Make the Cube;0,03;0,58;0,55;1933%
52759;Stroke of Genius;Vintage Masters;0,01;0,53;0,52;5300%
63403;Cyclonic Rift;Modern Masters 2017;0,03;0,53;0,50;1767%
28245;Mulldrifter;Lorwyn;0,05;0,55;0,50;1100%
30979;Tezzeret the Seeker;Shards of Alara;2,20;2,69;0,49;122%
51561;Temple of Enlightenment;Born of the Gods;0,44;0,92;0,48;209%
20551;Skullclamp;Darksteel;0,81;1,29;0,48;159%
7445;Worldly Tutor;Mirage;2,03;2,51;0,48;124%
47767;Prime Speaker Zegana;Gatecrash;1,08;1,52;0,44;141%
63169;Path to Exile;Modern Masters 2017;1,29;1,71;0,42;133%
50314;Nylea, God of the Hunt;Theros;0,50;0,90;0,40;180%
51428;Greed;Commander 2013;1,43;1,82;0,39;127%
51563;Temple of Malice;Born of the Gods;0,37;0,74;0,37;200%
61801;Panharmonicon;Kaladesh;0,17;0,54;0,37;318%
35515;Bojuka Bog;Worldwake;0,04;0,40;0,36;1000%
45578;Krenko, Mob Boss;Magic 2013;0,25;0,61;0,36;244%
58951;Scroll Rack;Legendary Cube;1,78;2,13;0,35;120%
52977;Chaos Warp;Vintage Masters;0,29;0,63;0,34;217%
47805;Thespian's Stage;Gatecrash;0,24;0,58;0,34;242%
43807;Desolate Lighthouse;Avacyn Restored;0,03;0,36;0,33;1200%
41259;Day of Judgment;Magic 2012;0,02;0,35;0,33;1750%
44283;Reforge the Soul;Avacyn Restored;0,46;0,78;0,32;170%
18091;Insurrection;Onslaught;1,17;1,48;0,31;126%
35689;Butcher of Malakir;Worldwake;0,04;0,34;0,30;850%
61460;Eldritch Evolution;Eldritch Moon;0,36;0,65;0,29;181%
55699;Thalia, Guardian of Thraben;Magic Online Promos;0,36;0,65;0,29;181%
44049;Exquisite Blood;Avacyn Restored;0,58;0,86;0,28;148%
42294;Ghost Quarter;Innistrad;0,05;0,32;0,27;640%
46777;Deathrite Shaman;Return to Ravnica;0,86;1,13;0,27;131%
56724;Goblin Bombardment;Tempest Remastered;0,69;0,95;0,26;138%
52765;Gamble;Vintage Masters;0,19;0,45;0,26;237%
41387;Grand Abolisher;Magic 2012;0,50;0,75;0,25;150%
52260;Dictate of Erebos;Journey into Nyx;0,39;0,64;0,25;164%
38307;Myr Battlesphere;Scars of Mirrodin;0,08;0,33;0,25;413%
60779;Maze of Ith;Eternal Masters;2,48;2,70;0,22;109%
10719;Culling the Weak;Exodus;0,04;0,26;0,22;650%
37368;Leyline of Anticipation;Magic 2011;0,48;0,70;0,22;146%
62333;Saskia the Unyielding;You Make the Cube;0,08;0,30;0,22;375%
35822;Comet Storm;Magic Online Promos;0,09;0,29;0,20;322%
54871;Nevinyrral's Disk;Commander 2014;0,09;0,29;0,20;322%
32635;Howling Mine;Magic 2010;0,74;0,94;0,20;127%
62313;Ludevic, Necro-Alchemist;You Make the Cube;0,15;0,33;0,18;220%
45250;Tormod's Crypt;Magic 2013;0,04;0,22;0,18;550%
50268;Temple of Silence;Theros;0,05;0,23;0,18;460%
62165;Champion's Helm;Kaladesh Inventions;0,58;0,75;0,17;129%
36040;Capsize;Magic Online Promos;0,03;0,20;0,17;667%
34758;Sorin Markov;Zendikar;0,48;0,64;0,16;133%
51968;Temple of Malady;Journey into Nyx;0,73;0,89;0,16;122%
18848;Temple of the False God;Scourge;0,12;0,28;0,16;233%
46783;Chromatic Lantern;Return to Ravnica;0,22;0,38;0,16;173%
46789;Angel of Serenity;Return to Ravnica;0,44;0,60;0,16;136%
57668;Caves of Koilos;Magic Origins;0,41;0,56;0,15;137%
43267;Faithless Looting;Dark Ascension;0,05;0,20;0,15;400%
29611;Beseech the Queen;Shadowmoor;0,07;0,22;0,15;314%
27464;Llanowar Wastes;Tenth Edition;0,09;0,23;0,14;256%
25941;Reiterate;Time Spiral;0,02;0,16;0,14;800%
25367;Teferi, Mage of Zhalfir;Time Spiral;0,46;0,60;0,14;130%
60617;Sensei's Divining Top;Eternal Masters;0,53;0,66;0,13;125%
60583;Worn Powerstone;Eternal Masters;0,02;0,15;0,13;750%
39796;Birthing Pod;New Phyrexia;0,75;0,88;0,13;117%
59649;Mother of Runes;Magic Online Promos;0,05;0,18;0,13;360%
35695;Basilisk Collar;Worldwake;0,27;0,40;0,13;148%
48876;City of Brass;Modern Masters;3,01;3,13;0,12;104%
14325;Aura Shards;Invasion;1,37;1,49;0,12;109%
36738;It That Betrays;Rise of the Eldrazi;0,09;0,20;0,11;222%
37855;Doom Blade;Magic Online Promos;0,03;0,14;0,11;467%
44231;Cathars' Crusade;Avacyn Restored;0,14;0,25;0,11;179%
19417;Teferi's Puzzle Box;Eighth Edition;0,30;0,41;0,11;137%
34770;Rite of Replication;Zendikar;0,03;0,13;0,10;433%
52861;Necropotence;Vintage Masters;0,01;0,11;0,10;1100%
51538;Elvish Mystic;Magic Online Promos;0,02;0,12;0,10;600%
52326;Dictate of Kruphix;Magic Online Promos;0,02;0,12;0,10;600%
47743;Aurelia, the Warleader;Gatecrash;0,57;0,66;0,09;116%
50308;Erebos, God of the Dead;Theros;0,97;1,06;0,09;109%
57670;Battlefield Forge;Magic Origins;0,08;0,17;0,09;213%
57042;Profane Command;Modern Masters 2015;0,01;0,10;0,09;1000%
15500;Evacuation;Seventh Edition;0,02;0,11;0,09;550%
41541;Quicksilver Amulet;Magic 2012;0,13;0,22;0,09;169%
42410;Blasphemous Act;Innistrad;0,03;0,12;0,09;400%
20021;Great Furnace;Mirrodin;1,29;1,38;0,09;107%
53245;Wheel of Fortune;Vintage Masters;1,73;1,81;0,08;105%
54935;Caged Sun;Commander 2014;0,97;1,05;0,08;108%
57782;Evolutionary Leap;Magic Origins;0,08;0,16;0,08;200%
50270;Temple of Triumph;Theros;0,05;0,13;0,08;260%
38478;Basalt Monolith;Masters Edition IV;0,25;0,32;0,07;128%
48005;Farseek;Magic Online Promos;0,03;0,10;0,07;333%
54747;Martial Coup;Commander 2014;0,24;0,31;0,07;129%
6855;Charcoal Diamond;Mirage;0,05;0,12;0,07;240%
20840;Grinding Station;Fifth Dawn;0,23;0,30;0,07;130%
41511;Warstorm Surge;Magic 2012;0,01;0,07;0,06;700%
33644;Fellwar Stone;Masters Edition III;0,04;0,10;0,06;250%
38161;Steel Hellkite;Scars of Mirrodin;0,01;0,07;0,06;700%
45060;Fractured Powerstone;Planechase 2012;0,04;0,10;0,06;250%
61857;Inventors' Fair;Kaladesh;0,07;0,13;0,06;186%
42560;Laboratory Maniac;Innistrad;0,02;0,08;0,06;400%
50440;Swan Song;Theros;0,10;0,16;0,06;160%
53019;Karmic Guide;Vintage Masters;0,02;0,08;0,06;400%
29361;Mistveil Plains;Shadowmoor;0,05;0,11;0,06;220%
45568;Disciple of Bolas;Magic 2013;0,06;0,12;0,06;200%
57044;Mirror Entity;Modern Masters 2015;0,23;0,29;0,06;126%
62309;Kraum, Ludevic's Opus;You Make the Cube;0,74;0,79;0,05;107%
57074;Necroskitter;Modern Masters 2015;0,02;0,07;0,05;350%
41487;Jace's Archivist;Magic 2012;0,02;0,07;0,05;350%
60841;Victimize;Eternal Masters;0,02;0,07;0,05;350%
47749;Merciless Eviction;Gatecrash;0,01;0,06;0,05;600%
60795;Duplicant;Eternal Masters;0,01;0,06;0,05;600%
19705;Thirst for Knowledge;Mirrodin;0,13;0,18;0,05;138%
22210;Miren, the Moaning Well;Saviors of Kamigawa;0,14;0,19;0,05;136%
12705;Phyrexian Reclamation;Urza's Legacy;0,35;0,39;0,04;111%
60639;Harmonize;Eternal Masters;0,03;0,07;0,04;233%
28519;Vivid Creek;Lorwyn;0,01;0,05;0,04;500%
28517;Vivid Marsh;Lorwyn;0,01;0,05;0,04;500%
48910;Myr Retriever;Modern Masters;0,01;0,05;0,04;500%
26183;Akroma, Angel of Wrath;Time Spiral Timeshifted;0,04;0,08;0,04;200%
20497;Darksteel Citadel;Darksteel;0,04;0,08;0,04;200%
47753;Crypt Ghast;Gatecrash;0,08;0,12;0,04;150%
38423;Asceticism;Scars of Mirrodin;0,07;0,11;0,04;157%
61001;Llanowar Elves;Eternal Masters;0,02;0,06;0,04;300%
63241;Azorius Signet;Modern Masters 2017;0,02;0,06;0,04;300%
44095;Slayers' Stronghold;Avacyn Restored;0,02;0,06;0,04;300%
44223;Devastation Tide;Avacyn Restored;0,02;0,06;0,04;300%
39964;Norn's Annex;New Phyrexia;0,30;0,33;0,03;110%
57086;Oblivion Ring;Modern Masters 2015;0,02;0,05;0,03;250%
23851;Gruul Turf;Guildpact;0,02;0,05;0,03;250%
53296;Sign in Blood;Magic 2015;0,02;0,05;0,03;250%
37180;Acidic Slime;Magic 2011;0,02;0,05;0,03;250%
63385;Dimir Signet;Modern Masters 2017;0,02;0,05;0,03;250%
63305;Orzhov Signet;Modern Masters 2017;0,02;0,05;0,03;250%
28523;Vivid Meadow;Lorwyn;0,01;0,04;0,03;400%
34818;Beastmaster Ascension;Zendikar;0,06;0,09;0,03;150%
38453;Skinrender;Scars of Mirrodin;0,01;0,04;0,03;400%
48810;Etherium Sculptor;Modern Masters;0,01;0,04;0,03;400%
60883;Control Magic;Eternal Masters;0,01;0,04;0,03;400%
54464;Tranquil Cove;Khans of Tarkir;0,01;0,04;0,03;400%
51565;Temple of Plenty;Born of the Gods;0,16;0,19;0,03;119%
63279;Unburial Rites;Modern Masters 2017;0,01;0,04;0,03;400%
63039;Soul Warden;Modern Masters 2017;0,01;0,04;0,03;400%
57430;Dimir Aqueduct;Modern Masters 2015;0,03;0,06;0,03;200%
54168;Frontier Bivouac;Khans of Tarkir;0,01;0,04;0,03;400%
63215;Explore;Modern Masters 2017;0,01;0,04;0,03;400%
17628;Krosan Verge;Judgment;0,03;0,06;0,03;200%
54166;Nomad Outpost;Khans of Tarkir;0,01;0,04;0,03;400%
54300;Treasure Cruise;Khans of Tarkir;0,01;0,04;0,03;400%
58631;Void Winnower;Battle for Zendikar;0,28;0,31;0,03;111%
56038;Sidisi, Undead Vizier;Dragons of Tarkir;0,39;0,42;0,03;108%
50562;Gray Merchant of Asphodel;Theros;0,03;0,05;0,02;167%
29619;Farhaven Elf;Shadowmoor;0,03;0,05;0,02;167%
57476;Simic Growth Chamber;Modern Masters 2015;0,03;0,05;0,02;167%
52827;Counterspell;Vintage Masters;0,03;0,05;0,02;167%
26808;Llanowar Reborn;Future Sight;0,03;0,05;0,02;167%
63519;Terminate;Modern Masters 2017;0,09;0,11;0,02;122%
54316;Dig Through Time;Khans of Tarkir;0,08;0,10;0,02;125%
63071;Coiling Oracle;Modern Masters 2017;0,02;0,04;0,02;200%
54072;Jungle Hollow;Khans of Tarkir;0,02;0,04;0,02;200%
53053;Lonely Sandbar;Vintage Masters;0,02;0,04;0,02;200%
57466;Izzet Boilerworks;Modern Masters 2015;0,02;0,04;0,02;200%
58985;Fact or Fiction;Legendary Cube;0,02;0,04;0,02;200%
35389;Phyrexian Ghoul;Duel Decks: Phyrexia vs. the Coalition;0,02;0,04;0,02;200%
56406;Explosive Vegetation;Dragons of Tarkir;0,02;0,04;0,02;200%
59367;Zendikar Resurgent;Oath of the Gatewatch;0,02;0,04;0,02;200%
57456;Orzhov Basilica;Modern Masters 2015;0,02;0,04;0,02;200%
60763;Arcanis the Omnipotent;Eternal Masters;0,02;0,04;0,02;200%
25733;Dread Return;Time Spiral;0,02;0,04;0,02;200%
52741;Nature's Lore;Vintage Masters;0,01;0,03;0,02;300%
43913;Deadeye Navigator;Avacyn Restored;0,01;0,03;0,02;300%
63195;Vampire Nighthawk;Modern Masters 2017;0,01;0,03;0,02;300%
63369;Goblin Electromancer;Modern Masters 2017;0,01;0,03;0,02;300%
63612;Aven Mindcensor;Amonkhet;0,04;0,06;0,02;150%
34580;Graypelt Refuge;Zendikar;0,01;0,03;0,02;300%
57752;Read the Bones;Magic Origins;0,01;0,03;0,02;300%
60735;Tragic Slip;Eternal Masters;0,04;0,06;0,02;150%
53382;Dissipate;Magic 2015;0,01;0,03;0,02;300%
64146;Evolving Wilds;Amonkhet;0,01;0,03;0,02;300%
39910;Tezzeret's Gambit;New Phyrexia;0,01;0,03;0,02;300%
39620;Everflowing Chalice;Magic Online Promos;0,01;0,03;0,02;300%
57272;Mystic Snake;Modern Masters 2015;0,04;0,06;0,02;150%
54162;Mystic Monastery;Khans of Tarkir;0,01;0,03;0,02;300%
44195;Essence Harvest;Avacyn Restored;0,01;0,03;0,02;300%
36466;Dreamstone Hedron;Rise of the Eldrazi;0,01;0,03;0,02;300%
58513;Mortuary Mire;Battle for Zendikar;0,01;0,03;0,02;300%
44107;Soul of the Harvest;Avacyn Restored;0,01;0,03;0,02;300%
34468;Harrow;Zendikar;0,01;0,03;0,02;300%
63233;Izzet Signet;Modern Masters 2017;0,01;0,03;0,02;300%
50266;Temple of Abandon;Theros;0,01;0,03;0,02;300%
48710;Vivid Crag;Modern Masters;0,01;0,03;0,02;300%
31677;Rupture Spire;Conflux;0,01;0,03;0,02;300%
50248;Burnished Hart;Theros;0,01;0,03;0,02;300%
57434;Golgari Rot Farm;Modern Masters 2015;0,01;0,03;0,02;300%
63243;Golgari Signet;Modern Masters 2017;0,01;0,03;0,02;300%
63149;Jungle Shrine;Modern Masters 2017;0,01;0,03;0,02;300%
22317;Rampant Growth;Ninth Edition;0,01;0,03;0,02;300%
63293;Intangible Virtue;Modern Masters 2017;0,01;0,03;0,02;300%
60851;Dismal Backwater;Eternal Masters;0,04;0,06;0,02;150%
47897;Blind Obedience;Gatecrash;0,01;0,03;0,02;300%
23248;Selesnya Sanctuary;Ravnica: City of Guilds;0,01;0,03;0,02;300%
57390;Wayfarer's Bauble;Modern Masters 2015;0,01;0,03;0,02;300%
46401;Guttersnipe;Return to Ravnica;0,01;0,03;0,02;300%
37881;Aura of Silence;Magic Online Theme Decks;0,04;0,06;0,02;150%
48704;Vivid Grove;Modern Masters;0,01;0,03;0,02;300%
46723;Rogue's Passage;Return to Ravnica;0,01;0,03;0,02;300%
45246;Serra Avatar;Magic 2013;0,07;0,09;0,02;129%
58134;Sword of the Animist;Magic Origins;0,10;0,12;0,02;120%
36454;Eldrazi Conscription;Rise of the Eldrazi;0,46;0,48;0,02;104%
59077;Anger;Legendary Cube;0,06;0,07;0,01;117%
48300;Deadbridge Chant;Dragon's Maze;0,18;0,19;0,01;106%
43927;Conjurer's Closet;Avacyn Restored;0,12;0,13;0,01;108%
31405;Mind Stone;Magic Online Promos;0,04;0,05;0,01;125%
11925;Slippery Karst;Urza's Saga;0,04;0,05;0,01;125%
54076;Swiftwater Cliffs;Khans of Tarkir;0,03;0,04;0,01;133%
43259;Haunted Fengraf;Dark Ascension;0,03;0,04;0,01;133%
44105;Blood Artist;Avacyn Restored;0,04;0,05;0,01;125%
31935;Reliquary Tower;Conflux;0,04;0,05;0,01;125%
41241;Ponder;Magic 2012;0,04;0,05;0,01;125%
41395;Spirit Mantle;Magic 2012;0,03;0,04;0,01;133%
34390;Journey to Nowhere;Zendikar;0,04;0,05;0,01;125%
53057;Tranquil Thicket;Vintage Masters;0,03;0,04;0,01;133%
10115;Dismiss;Tempest;0,04;0,05;0,01;125%
52637;Dark Ritual;Vintage Masters;0,03;0,04;0,01;133%
20143;Fabricate;Mirrodin;0,03;0,04;0,01;133%
55320;Reality Shift;Fate Reforged;0,04;0,05;0,01;125%
49321;Archaeomancer;Magic 2014;0,04;0,05;0,01;125%
35521;Halimar Depths;Worldwake;0,03;0,04;0,01;133%
19443;Wood Elves;Eighth Edition;0,03;0,04;0,01;133%
49585;Darksteel Ingot;Magic 2014;0,03;0,04;0,01;133%
18235;Secluded Steppe;Onslaught;0,04;0,05;0,01;125%
35773;Arbor Elf;Worldwake;0,04;0,05;0,01;125%
37492;Viscera Seer;Magic 2011;0,04;0,05;0,01;125%
23116;Boros Garrison;Ravnica: City of Guilds;0,03;0,04;0,01;133%
23246;Shred Memory;Ravnica: City of Guilds;0,03;0,04;0,01;133%
48384;Azorius Guildgate;Dragon's Maze;0,01;0,02;0,01;200%
41343;Overrun;Magic 2012;0,01;0,02;0,01;200%
54160;Sandsteppe Citadel;Khans of Tarkir;0,01;0,02;0,01;200%
37430;Sword of Vengeance;Magic 2011;0,01;0,02;0,01;200%
37404;Stormtide Leviathan;Magic 2011;0,01;0,02;0,01;200%
54188;Utter End;Khans of Tarkir;0,01;0,02;0,01;200%
23178;Putrefy;Ravnica: City of Guilds;0,01;0,02;0,01;200%
45372;Fervor;Magic 2013;0,01;0,02;0,01;200%
50360;Dissolve;Theros;0,01;0,02;0,01;200%
51845;Archetype of Endurance;Born of the Gods;0,01;0,02;0,01;200%
19193;Mind Slash;Eighth Edition;0,01;0,02;0,01;200%
63239;Boros Signet;Modern Masters 2017;0,01;0,02;0,01;200%
63137;Savage Lands;Modern Masters 2017;0,01;0,02;0,01;200%
45390;Elixir of Immortality;Magic 2013;0,01;0,02;0,01;200%
63145;Seaside Citadel;Modern Masters 2017;0,01;0,02;0,01;200%
42694;Mentor of the Meek;Innistrad;0,01;0,02;0,01;200%
63333;Zealous Conscripts;Modern Masters 2017;0,01;0,02;0,01;200%
53203;Brago, King Eternal;Vintage Masters;0,01;0,02;0,01;200%
45316;Captain of the Watch;Magic 2013;0,01;0,02;0,01;200%
53562;Ob Nixilis, Unshackled;Magic 2015;0,01;0,02;0,01;200%
47449;Boros Guildgate;Gatecrash;0,01;0,02;0,01;200%
26409;Mesa Enchantress;Planar Chaos;0,01;0,02;0,01;200%
38443;Sunblast Angel;Scars of Mirrodin;0,01;0,02;0,01;200%
21057;Hinder;Champions of Kamigawa;0,01;0,02;0,01;200%
31937;Armillary Sphere;Conflux;0,01;0,02;0,01;200%
48362;Plasm Capture;Dragon's Maze;0,01;0,02;0,01;200%
47455;Gruul Guildgate;Gatecrash;0,01;0,02;0,01;200%
37158;Negate;Magic 2011;0,01;0,02;0,01;200%
49175;Planar Cleansing;Magic 2014;0,01;0,02;0,01;200%
42438;Falkenrath Noble;Innistrad;0,01;0,02;0,01;200%
53009;Genesis;Vintage Masters;0,01;0,02;0,01;200%
36698;Recurring Insight;Rise of the Eldrazi;0,01;0,02;0,01;200%
47451;Dimir Guildgate;Gatecrash;0,01;0,02;0,01;200%
39515;Phyrexian Rebirth;Mirrodin Besieged;0,01;0,02;0,01;200%
50568;Mnemonic Wall;Theros;0,01;0,02;0,01;200%
59433;Jori En, Ruin Diver;Oath of the Gatewatch;0,01;0,02;0,01;200%
57424;Sunforger;Modern Masters 2015;0,01;0,02;0,01;200%
54164;Opulent Palace;Khans of Tarkir;0,01;0,02;0,01;200%
49129;Wild Ricochet;Magic 2014;0,01;0,02;0,01;200%
23276;Dimir Machinations;Ravnica: City of Guilds;0,01;0,02;0,01;200%
35759;Marshal's Anthem;Worldwake;0,01;0,02;0,01;200%
33073;Clone;Magic 2010;0,01;0,02;0,01;200%
47457;Simic Guildgate;Gatecrash;0,01;0,02;0,01;200%
47621;Orzhov Guildgate;Gatecrash;0,01;0,02;0,01;200%
25633;Sudden Spoiling;Time Spiral;0,01;0,02;0,01;200%
51986;Chariot of Victory;Journey into Nyx;0,01;0,02;0,01;200%
30915;Bant Panorama;Shards of Alara;0,01;0,02;0,01;200%
38419;Venser's Journal;Scars of Mirrodin;0,01;0,02;0,01;200%
54470;Rugged Highlands;Khans of Tarkir;0,01;0,02;0,01;200%
36578;Drana, Kalastria Bloodchief;Rise of the Eldrazi;0,01;0,02;0,01;200%
35637;Chain Reaction;Worldwake;0,01;0,02;0,01;200%
57224;Overwhelming Stampede;Modern Masters 2015;0,01;0,02;0,01;200%
53169;Fires of Yavimaya;Vintage Masters;0,01;0,02;0,01;200%
38341;Painful Quandary;Scars of Mirrodin;0,01;0,02;0,01;200%
36680;Vendetta;Rise of the Eldrazi;0,01;0,02;0,01;200%
44071;Ulvenwald Tracker;Avacyn Restored;0,01;0,02;0,01;200%
57254;Inexorable Tide;Modern Masters 2015;0,01;0,02;0,01;200%
38435;Kuldotha Forgemaster;Scars of Mirrodin;0,01;0,02;0,01;200%
37232;Whispersilk Cloak;Magic 2011;0,01;0,02;0,01;200%
58283;Felidar Sovereign;Battle for Zendikar;0,01;0,02;0,01;200%
38325;Exsanguinate;Scars of Mirrodin;0,01;0,02;0,01;200%
26105;Vhati il-Dal;Time Spiral Timeshifted;0,01;0,02;0,01;200%
31317;Esper Panorama;Shards of Alara;0,02;0,03;0,01;150%
53217;High Tide;Vintage Masters;0,02;0,03;0,01;150%
50596;Hero's Downfall;Theros;0,02;0,03;0,01;150%
20227;Loxodon Warhammer;Mirrodin;0,02;0,03;0,01;150%
48424;Debt to the Deathless;Dragon's Maze;0,02;0,03;0,01;150%
43873;Harvester of Souls;Avacyn Restored;0,02;0,03;0,01;150%
31321;Grixis Panorama;Shards of Alara;0,02;0,03;0,01;150%
38449;Fume Spitter;Scars of Mirrodin;0,02;0,03;0,01;150%
52889;Yavimaya Elder;Vintage Masters;0,02;0,03;0,01;150%
31313;Jund Panorama;Shards of Alara;0,02;0,03;0,01;150%
55444;Palace Siege;Fate Reforged;0,02;0,03;0,01;150%
44119;Alchemist's Refuge;Avacyn Restored;0,02;0,03;0,01;150%
54074;Thornwood Falls;Khans of Tarkir;0,02;0,03;0,01;150%
57472;Rakdos Carnarium;Modern Masters 2015;0,02;0,03;0,01;150%
45586;Boundless Realms;Magic 2013;0,02;0,03;0,01;150%
44313;Silverblade Paladin;Magic Online Promos;0,02;0,03;0,01;150%
42586;Kessig Wolf Run;Innistrad;0,02;0,03;0,01;150%
50408;Whip of Erebos;Theros;0,02;0,03;0,01;150%
55616;Archfiend of Depravity;Fate Reforged;0,02;0,03;0,01;150%
40026;Triumph of the Hordes;New Phyrexia;0,02;0,03;0,01;150%
54070;Scoured Barrens;Khans of Tarkir;0,02;0,03;0,01;150%
44031;Angel of Jubilation;Avacyn Restored;0,02;0,03;0,01;150%
53846;Temple of Mystery;Magic Online Promos;0,02;0,03;0,01;150%
31311;Naya Panorama;Shards of Alara;0,02;0,03;0,01;150%
48202;Render Silent;Dragon's Maze;0,02;0,03;0,01;150%
39535;Sangromancer;Mirrodin Besieged;0,07;0,08;0,01;114%
39557;Spine of Ish Sah;Mirrodin Besieged;0,20;0,21;0,01;105%
20017;Seat of the Synod;Mirrodin;0,56;0,57;0,01;102%
63820;Splendid Agony;Amonkhet;0,01;0,01;0,00;100%
46571;Ethereal Armor;Return to Ravnica;0,04;0,04;0,00;100%
20301;Spincrusher;Darksteel;0,01;0,01;0,00;100%
29571;Incremental Blight;Shadowmoor;0,01;0,01;0,00;100%
47917;Molten Primordial;Gatecrash;0,01;0,01;0,00;100%
34588;Akoum Refuge;Zendikar;0,03;0,03;0,00;100%
45696;Trading Post;Magic 2013;0,02;0,02;0,00;100%
25417;Phyrexian Totem;Time Spiral;0,01;0,01;0,00;100%
34566;Cancel;Zendikar;0,01;0,01;0,00;100%
49583;Fireshrieker;Magic 2014;0,01;0,01;0,00;100%
29373;Tatterkite;Shadowmoor;0,01;0,01;0,00;100%
62335;Yidris, Maelstrom Wielder;You Make the Cube;0,27;0,27;0,00;100%
21115;Rend Flesh;Champions of Kamigawa;0,01;0,01;0,00;100%
23334;Netherborn Phalanx;Ravnica: City of Guilds;0,01;0,01;0,00;100%
53844;Prophet of Kruphix;Magic Online Promos;0,02;0,02;0,00;100%
57474;Azorius Chancery;Modern Masters 2015;0,03;0,03;0,00;100%
39545;Mirrorworks;Mirrodin Besieged;0,02;0,02;0,00;100%
55490;Merciless Executioner;Fate Reforged;0,04;0,04;0,00;100%
63153;Arcane Sanctum;Modern Masters 2017;0,02;0,02;0,00;100%
37466;Reassembling Skeleton;Magic 2011;0,01;0,01;0,00;100%
10459;Forbid;Exodus;0,04;0,04;0,00;100%
49239;Traumatize;Magic 2014;0,01;0,01;0,00;100%
37578;Condemn;Magic 2011;0,04;0,04;0,00;100%
45580;Yeva, Nature's Herald;Magic 2013;0,02;0,02;0,00;100%
29881;Steel of the Godhead;Shadowmoor;0,04;0,04;0,00;100%
52791;Palinchron;Vintage Masters;0,02;0,02;0,00;100%
42790;Parallel Lives;Innistrad;0,03;0,03;0,00;100%
63041;Rewind;Modern Masters 2017;0,01;0,01;0,00;100%
58509;Pilgrim's Eye;Battle for Zendikar;0,01;0,01;0,00;100%
63489;Cruel Ultimatum;Modern Masters 2017;0,02;0,02;0,00;100%
47967;Desertion;Magic Online Promos;0,02;0,02;0,00;100%
48902;Trygon Predator;Modern Masters;0,01;0,01;0,00;100%
58289;Scour from Existence;Battle for Zendikar;0,01;0,01;0,00;100%
50264;Temple of Deceit;Theros;0,07;0,07;0,00;100%
34626;Oran-Rief, the Vastwood;Zendikar;0,03;0,03;0,00;100%
60699;Phyrexian Ingester;Eternal Masters;0,01;0,01;0,00;100%
51536;Riku of Two Reflections;Magic Online Promos;0,02;0,02;0,00;100%
47537;Urban Evolution;Gatecrash;0,01;0,01;0,00;100%
38165;Carnifex Demon;Scars of Mirrodin;0,01;0,01;0,00;100%
27430;Spellbook;Tenth Edition;0,01;0,01;0,00;100%
52817;Yavimaya Hollow;Vintage Masters;0,02;0,02;0,00;100%
47879;Whispering Madness;Gatecrash;0,01;0,01;0,00;100%
30289;Lingering Tormentor;Eventide;0,01;0,01;0,00;100%
36768;Bear Umbra;Rise of the Eldrazi;0,01;0,01;0,00;100%
39447;Go for the Throat;Mirrodin Besieged;0,04;0,04;0,00;100%
21003;Kodama's Reach;Champions of Kamigawa;0,04;0,04;0,00;100%
49103;Ogre Battledriver;Magic 2014;0,02;0,02;0,00;100%
46381;Rakdos Guildgate;Return to Ravnica;0,01;0,01;0,00;100%
50260;Sylvan Caryatid;Theros;0,02;0,02;0,00;100%
25915;Krosan Grip;Time Spiral;0,03;0,03;0,00;100%
35513;Khalni Garden;Worldwake;0,04;0,04;0,00;100%
57712;Nantuko Husk;Magic Origins;0,01;0,01;0,00;100%
46741;Underworld Connections;Return to Ravnica;0,01;0,01;0,00;100%
34674;Rampaging Baloths;Zendikar;0,21;0,21;0,00;100%
59015;Cultivate;Legendary Cube;0,05;0,05;0,00;100%
63307;Gruul Signet;Modern Masters 2017;0,02;0,02;0,00;100%
32781;Rise from the Grave;Magic 2010;0,01;0,01;0,00;100%
41509;Devouring Swarm;Magic 2012;0,01;0,01;0,00;100%
38255;Trinket Mage;Scars of Mirrodin;0,04;0,04;0,00;100%
19987;Leaden Myr;Mirrodin;0,01;0,01;0,00;100%
52314;Nekusar, the Mindrazer;Magic Online Promos;0,02;0,02;0,00;100%
37440;Crystal Ball;Magic 2011;0,01;0,01;0,00;100%
38285;Nim Deathmantle;Scars of Mirrodin;0,01;0,01;0,00;100%
50114;Bident of Thassa;Magic Online Promos;0,02;0,02;0,00;100%
19679;Talisman of Dominance;Mirrodin;0,04;0,04;0,00;100%
47925;Illusionist's Bracers;Gatecrash;0,01;0,01;0,00;100%
34356;Jwar Isle Refuge;Zendikar;0,03;0,03;0,00;100%
42714;Creeping Renaissance;Innistrad;0,01;0,01;0,00;100%
46383;Golgari Guildgate;Return to Ravnica;0,01;0,01;0,00;100%
23568;Selesnya Signet;Ravnica: City of Guilds;0,01;0,01;0,00;100%
55456;Alesha, Who Smiles at Death;Fate Reforged;0,02;0,02;0,00;100%
51286;Decree of Pain;Commander 2013;2,01;2,01;0,00;100%
63996;Decimator Beetle;Amonkhet;0,01;0,01;0,00;100%
50412;Bow of Nylea;Theros;0,01;0,01;0,00;100%
61955;Diabolic Tutor;Kaladesh;0,01;0,01;0,00;100%
46495;Corpsejack Menace;Return to Ravnica;0,01;0,01;0,00;100%
29583;Wingrattle Scarecrow;Shadowmoor;0,01;0,01;0,00;100%
43389;Increasing Ambition;Dark Ascension;0,02;0,02;0,00;100%
32537;Shriekmaw;Magic Online Promos;0,05;0,05;0,00;100%
47899;Consuming Aberration;Gatecrash;0,02;0,02;0,00;100%
37318;Mystifying Maze;Magic 2011;0,01;0,01;0,00;100%
52909;Swords to Plowshares;Vintage Masters;0,04;0,04;0,00;100%
15502;Fallen Angel;Seventh Edition;0,02;0,02;0,00;100%
63804;Nest of Scarabs;Amonkhet;0,01;0,01;0,00;100%
46667;Sphere of Safety;Return to Ravnica;0,03;0,03;0,00;100%
36362;Artisan of Kozilek;Rise of the Eldrazi;0,01;0,01;0,00;100%
23312;Muddle the Mixture;Ravnica: City of Guilds;0,04;0,04;0,00;100%
39501;Thopter Assembly;Mirrodin Besieged;0,02;0,02;0,00;100%
63928;Defiant Greatmaw;Amonkhet;0,01;0,01;0,00;100%
37308;Voltaic Key;Magic 2011;0,03;0,03;0,00;100%
23749;Mortify;Guildpact;0,04;0,04;0,00;100%
22379;Coat of Arms;Ninth Edition;0,18;0,18;0,00;100%
25577;Bogardan Hellkite;Time Spiral;0,01;0,01;0,00;100%
47779;Stolen Identity;Gatecrash;0,01;0,01;0,00;100%
57062;Midnight Banshee;Modern Masters 2015;0,01;0,01;0,00;100%
23186;Dimir House Guard;Ravnica: City of Guilds;0,01;0,01;0,00;100%
22723;Silklash Spider;Ninth Edition;0,01;0,01;0,00;100%
51534;Karador, Ghost Chieftain;Magic Online Promos;0,02;0,02;0,00;100%
55450;Crux of Fate;Fate Reforged;0,02;0,02;0,00;100%
18239;Barren Moor;Onslaught;0,05;0,05;0,00;100%
50374;Gift of Immortality;Theros;0,01;0,01;0,00;100%
46781;Jarad's Orders;Return to Ravnica;0,01;0,01;0,00;100%
61380;Succumb to Temptation;Eldritch Moon;0,01;0,01;0,00;100%
50410;Hammer of Purphoros;Theros;0,01;0,01;0,00;100%
39573;White Sun's Zenith;Mirrodin Besieged;0,02;0,02;0,00;100%
57718;Fleshbag Marauder;Magic Origins;0,01;0,01;0,00;100%
50528;Tymaret, the Murder King;Theros;0,01;0,01;0,00;100%
23456;Sunhome, Fortress of the Legion;Ravnica: City of Guilds;0,01;0,01;0,00;100%
53223;Forgotten Cave;Vintage Masters;0,04;0,04;0,00;100%
38351;Contagion Engine;Scars of Mirrodin;0,02;0,02;0,00;100%
31963;Door of Destinies;Magic Online Promos;0,03;0,03;0,00;100%
39507;Shimmer Myr;Mirrodin Besieged;0,02;0,02;0,00;100%
20051;Triskelion;Mirrodin;0,02;0,02;0,00;100%
53207;Deathreap Ritual;Vintage Masters;0,01;0,01;0,00;100%
26371;Magus of the Coffers;Planar Chaos;0,04;0,04;0,00;100%
26447;Radha, Heir to Keld;Planar Chaos;0,02;0,02;0,00;100%
63463;Izzet Guildgate;Modern Masters 2017;0,01;0,01;0,00;100%
37314;Angelic Arbiter;Magic 2011;0,01;0,01;0,00;100%
39722;Life's Finale;New Phyrexia;0,02;0,02;0,00;100%
45416;Sphinx of Uthuun;Magic 2013;0,01;0,01;0,00;100%
41477;Buried Ruin;Magic 2012;0,05;0,05;0,00;100%
47881;Angelic Skirmisher;Gatecrash;0,01;0,01;0,00;100%
47771;Fathom Mage;Gatecrash;0,01;0,01;0,00;100%
52695;Reanimate;Vintage Masters;0,04;0,04;0,00;100%
17889;Syphon Mind;Onslaught;0,04;0,04;0,00;100%
39373;Flesh-Eater Imp;Mirrodin Besieged;0,01;0,01;0,00;100%
45472;Ring of Xathrid;Magic 2013;0,01;0,01;0,00;100%
39940;Pith Driller;New Phyrexia;0,01;0,01;0,00;100%
54458;Altar of the Brood;Khans of Tarkir;0,01;0,01;0,00;100%
47915;Sepulchral Primordial;Gatecrash;0,01;0,01;0,00;100%
38221;True Conviction;Scars of Mirrodin;0,01;0,01;0,00;100%
42786;Bloodgift Demon;Innistrad;0,02;0,02;0,00;100%
47809;Rapid Hybridization;Gatecrash;0,03;0,03;0,00;100%
46657;Transguild Promenade;Return to Ravnica;0,01;0,01;0,00;100%
26351;Body Double;Planar Chaos;0,25;0,25;0,00;100%
42518;Evil Twin;Innistrad;0,01;0,01;0,00;100%
55412;Shamanic Revelation;Fate Reforged;0,02;0,02;0,00;100%
26648;New Benalia;Future Sight;0,01;0,01;0,00;100%
39513;Psychosis Crawler;Mirrodin Besieged;0,02;0,02;0,00;100%
29507;Puppeteer Clique;Shadowmoor;0,02;0,02;0,00;100%
45386;Reverberate;Magic 2013;0,01;0,01;0,00;100%
29553;Chainbreaker;Shadowmoor;0,01;0,01;0,00;100%
44213;Somberwald Sage;Avacyn Restored;0,03;0,03;0,00;100%
38315;Nihil Spellbomb;Scars of Mirrodin;0,04;0,04;0,00;100%
63455;Selesnya Guildgate;Modern Masters 2017;0,01;0,01;0,00;100%
38349;Palladium Myr;Scars of Mirrodin;0,01;0,01;0,00;100%
64150;Grasping Dunes;Amonkhet;0,01;0,01;0,00;100%
39766;Suture Priest;New Phyrexia;0,03;0,03;0,00;100%
34578;Sejiri Refuge;Zendikar;0,03;0,03;0,00;100%
25513;Return to Dust;Time Spiral;0,03;0,03;0,00;100%
63235;Rakdos Signet;Modern Masters 2017;0,02;0,02;0,00;100%
39758;Grim Affliction;New Phyrexia;0,01;0,01;0,00;100%
44285;Champion of Lambholt;Avacyn Restored;0,21;0,20;-0,01;95%
17327;Tainted Wood;Torment;0,21;0,20;-0,01;95%
29126;Fertilid;Morningtide;0,03;0,02;-0,01;67%
51372;Eye of Doom;Commander 2013;0,03;0,02;-0,01;67%
45626;Fog Bank;Magic 2013;0,03;0,02;-0,01;67%
52975;Edric, Spymaster of Trest;Vintage Masters;0,03;0,02;-0,01;67%
63237;Simic Signet;Modern Masters 2017;0,03;0,02;-0,01;67%
38085;Contagion Clasp;Scars of Mirrodin;0,03;0,02;-0,01;67%
36408;Joraga Treespeaker;Rise of the Eldrazi;0,03;0,02;-0,01;67%
25695;Fallen Ideal;Time Spiral;0,02;0,01;-0,01;50%
54340;Grim Haruspex;Khans of Tarkir;0,02;0,01;-0,01;50%
33061;Elvish Piper;Magic 2010;0,02;0,01;-0,01;50%
45574;Diabolic Revelation;Magic 2013;0,02;0,01;-0,01;50%
45564;Odric, Master Tactician;Magic 2013;0,02;0,01;-0,01;50%
33059;Twincast;Magic 2010;0,02;0,01;-0,01;50%
46473;Mizzium Mortars;Return to Ravnica;0,02;0,01;-0,01;50%
50378;Curse of the Swine;Theros;0,02;0,01;-0,01;50%
63151;Crumbling Necropolis;Modern Masters 2017;0,02;0,01;-0,01;50%
42510;Charmbreaker Devils;Innistrad;0,02;0,01;-0,01;50%
46743;Grave Betrayal;Return to Ravnica;0,02;0,01;-0,01;50%
61388;Murder;Eldritch Moon;0,02;0,01;-0,01;50%
35661;Kazuul, Tyrant of the Cliffs;Worldwake;0,02;0,01;-0,01;50%
45640;Spelltwine;Magic 2013;0,02;0,01;-0,01;50%
41445;Swiftfoot Boots;Magic 2012;0,04;0,03;-0,01;75%
33520;Force Spike;Masters Edition III;0,05;0,04;-0,01;80%
46405;Vandalblast;Return to Ravnica;0,04;0,03;-0,01;75%
28647;Shriekmaw;Lorwyn;0,05;0,04;-0,01;80%
20019;Vault of Whispers;Mirrodin;0,05;0,04;-0,01;80%
29978;Wickerbough Elder;Eventide;0,05;0,04;-0,01;80%
40008;Mindcrank;New Phyrexia;0,05;0,04;-0,01;80%
34832;Expedition Map;Zendikar;0,05;0,04;-0,01;80%
17763;Oblation;Onslaught;0,04;0,03;-0,01;75%
19093;Fecundity;Eighth Edition;0,04;0,03;-0,01;75%
20563;Well of Lost Dreams;Darksteel;0,78;0,77;-0,01;99%
58779;Omnath, Locus of Rage;Battle for Zendikar;0,29;0,27;-0,02;93%
53193;Marchesa, the Black Rose;Vintage Masters;0,16;0,14;-0,02;88%
40657;Spell Crumple;Commander 2011;0,09;0,07;-0,02;78%
48774;Divinity of Pride;Modern Masters;0,22;0,20;-0,02;91%
26137;Avatar of Woe;Time Spiral Timeshifted;0,04;0,02;-0,02;50%
29938;Soul Snuffers;Eventide;0,04;0,02;-0,02;50%
29295;Blowfly Infestation;Shadowmoor;0,05;0,03;-0,02;60%
46441;Rakdos Charm;Return to Ravnica;0,05;0,03;-0,02;60%
53213;Selvala, Explorer Returned;Vintage Masters;0,05;0,03;-0,02;60%
54909;Praetor's Counsel;Commander 2014;0,80;0,78;-0,02;98%
16837;Sadistic Hypnotist;Odyssey;0,14;0,12;-0,02;86%
13879;Dominate;Nemesis;0,37;0,35;-0,02;95%
24157;Grand Arbiter Augustin IV;Dissension;0,20;0,18;-0,02;90%
19969;Tooth and Nail;Mirrodin;0,94;0,91;-0,03;97%
54406;Hardened Scales;Khans of Tarkir;0,47;0,44;-0,03;94%
39838;Praetor's Grasp;New Phyrexia;0,04;0,01;-0,03;25%
49475;Strionic Resonator;Magic 2014;0,09;0,06;-0,03;67%
15884;Strands of Night;Seventh Edition;0,04;0,01;-0,03;25%
58511;Hedron Archive;Battle for Zendikar;0,05;0,02;-0,03;40%
51747;Karametra, God of Harvests;Born of the Gods;0,92;0,89;-0,03;97%
13435;Thwart;Mercadian Masques;0,63;0,60;-0,03;95%
40724;Angel of Despair;Commander 2011;0,18;0,14;-0,04;78%
32881;Lurking Predators;Magic 2010;0,06;0,02;-0,04;33%
21201;Yosei, the Morning Star;Champions of Kamigawa;0,06;0,02;-0,04;33%
20796;Guardian Idol;Fifth Dawn;0,08;0,04;-0,04;50%
45566;Talrand, Sky Summoner;Magic 2013;0,20;0,16;-0,04;80%
57676;Yavimaya Coast;Magic Origins;0,16;0,12;-0,04;75%
9231;Disrupt;Weatherlight;0,10;0,06;-0,04;60%
58401;Zulaport Cutthroat;Battle for Zendikar;0,07;0,03;-0,04;43%
52809;Memory Jar;Vintage Masters;0,37;0,32;-0,05;86%
28479;Ajani Goldmane;Lorwyn;0,25;0,20;-0,05;80%
45706;Gilded Lotus;Magic 2013;0,38;0,33;-0,05;87%
20175;Mind's Eye;Mirrodin;0,19;0,14;-0,05;74%
29413;Dusk Urchins;Shadowmoor;0,21;0,16;-0,05;76%
64136;Throne of the God-Pharaoh;Amonkhet;0,06;0,01;-0,05;17%
42540;Reaper from the Abyss;Innistrad;0,07;0,02;-0,05;29%
51156;Army of the Damned;Commander 2013;0,20;0,15;-0,05;75%
36424;Nirkana Revenant;Rise of the Eldrazi;0,99;0,93;-0,06;94%
39872;Unwinding Clock;New Phyrexia;0,32;0,26;-0,06;81%
28095;Arcane Denial;Masters Edition;0,20;0,14;-0,06;70%
34604;Valakut, the Molten Pinnacle;Zendikar;0,49;0,43;-0,06;88%
57968;Dark Petition;Magic Origins;0,39;0,33;-0,06;85%
38191;Mimic Vat;Scars of Mirrodin;0,11;0,05;-0,06;45%
45652;Mutilate;Magic 2013;0,25;0,19;-0,06;76%
62303;Bruse Tarl, Boorish Herder;You Make the Cube;1,29;1,23;-0,06;95%
58639;Greenwarden of Murasa;Battle for Zendikar;0,24;0,17;-0,07;71%
49179;Sanguine Bond;Magic 2014;0,09;0,02;-0,07;22%
64000;Hapatra, Vizier of Poisons;Amonkhet;0,09;0,02;-0,07;22%
27106;Reya Dawnbringer;Tenth Edition;0,26;0,19;-0,07;73%
32973;Open the Vaults;Magic 2010;0,32;0,25;-0,07;78%
17849;Complicate;Onslaught;0,10;0,03;-0,07;30%
60589;Rancor;Eternal Masters;1,15;1,07;-0,08;93%
40086;Sheoldred, Whispering One;Magic Online Promos;0,61;0,53;-0,08;87%
9757;Helm of Possession;Tempest;0,45;0,37;-0,08;82%
47477;Boros Charm;Gatecrash;0,18;0,09;-0,09;50%
53215;Living Death;Vintage Masters;0,11;0,02;-0,09;18%
41385;Rune-Scarred Demon;Magic 2012;0,12;0,03;-0,09;25%
24041;Voidslime;Dissension;0,16;0,07;-0,09;44%
37254;Elvish Archdruid;Magic 2011;0,20;0,11;-0,09;55%
31741;Master Transmuter;Conflux;0,41;0,31;-0,10;76%
38189;Genesis Wave;Scars of Mirrodin;0,37;0,27;-0,10;73%
56050;Zurgo Bellstriker;Dragons of Tarkir;0,22;0,12;-0,10;55%
43485;Vault of the Archangel;Dark Ascension;0,28;0,18;-0,10;64%
28463;Rings of Brighthearth;Lorwyn;0,30;0,19;-0,11;63%
17323;Tainted Isle;Torment;0,18;0,07;-0,11;39%
42544;Balefire Dragon;Innistrad;0,46;0,34;-0,12;74%
57632;Knight of the White Orchid;Magic Origins;0,22;0,10;-0,12;45%
53554;Soul of New Phyrexia;Magic 2015;0,70;0,57;-0,13;81%
45698;Staff of Nin;Magic 2013;0,27;0,14;-0,13;52%
18838;Fierce Empath;Scourge;0,17;0,04;-0,13;24%
31333;Mycoloth;Shards of Alara;0,34;0,21;-0,13;62%
46507;Overgrown Tomb;Return to Ravnica;1,75;1,61;-0,14;92%
17761;Akroma's Vengeance;Onslaught;0,49;0,35;-0,14;71%
26479;Urborg, Tomb of Yawgmoth;Planar Chaos;2,48;2,34;-0,14;94%
53576;Genesis Hydra;Magic 2015;0,29;0,14;-0,15;48%
48332;Notion Thief;Dragon's Maze;0,18;0,03;-0,15;17%
29511;Graven Cairns;Shadowmoor;0,40;0,25;-0,15;63%
20209;Solemn Simulacrum;Mirrodin;1,53;1,37;-0,16;90%
27677;Grave Pact;Tenth Edition;0,63;0,47;-0,16;75%
53083;Regrowth;Vintage Masters;0,18;0,01;-0,17;6%
31929;Font of Mythos;Conflux;0,36;0,19;-0,17;53%
29305;Devoted Druid;Shadowmoor;0,31;0,14;-0,17;45%
28501;Primal Command;Lorwyn;0,39;0,22;-0,17;56%
30302;Savannah;Masters Edition II;2,04;1,86;-0,18;91%
34816;Luminarch Ascension;Zendikar;0,22;0,03;-0,19;14%
25895;Gauntlet of Power;Time Spiral;0,50;0,31;-0,19;62%
20059;Sculpting Steel;Mirrodin;0,37;0,16;-0,21;43%
28327;Thousand-Year Elixir;Lorwyn;0,98;0,75;-0,23;77%
32284;Qasali Pridemage;Alara Reborn;0,56;0,33;-0,23;59%
49245;Ajani, Caller of the Pride;Magic 2014;0,92;0,68;-0,24;74%
20792;Doubling Cube;Fifth Dawn;0,40;0,16;-0,24;40%
47929;Hellkite Tyrant;Gatecrash;1,10;0,86;-0,24;78%
40539;Attrition;Commander 2011;0,98;0,73;-0,25;74%
39734;Phyrexian Metamorph;New Phyrexia;2,02;1,77;-0,25;88%
31013;Rafiq of the Many;Shards of Alara;0,67;0,42;-0,25;63%
18599;Windborn Muse;Legions;0,54;0,29;-0,25;54%
39533;Black Sun's Zenith;Mirrodin Besieged;0,70;0,43;-0,27;61%
42572;Gavony Township;Innistrad;0,48;0,21;-0,27;44%
47927;Lord of the Void;Gatecrash;0,67;0,40;-0,27;60%
22741;Seedborn Muse;Ninth Edition;0,76;0,48;-0,28;63%
24529;Coldsteel Heart;Coldsnap;0,55;0,26;-0,29;47%
20015;Ancient Den;Mirrodin;0,52;0,23;-0,29;44%
49373;Garruk, Caller of Beasts;Magic 2014;0,70;0,40;-0,30;57%
26285;Akroma, Angel of Fury;Planar Chaos;0,37;0,07;-0,30;19%
37454;Temple Bell;Magic 2011;0,60;0,30;-0,30;50%
38990;Armageddon;Masters Edition IV;0,72;0,42;-0,30;58%
53606;Reclamation Sage;Magic 2015;0,39;0,09;-0,30;23%
39357;Darksteel Plate;Mirrodin Besieged;0,62;0,31;-0,31;50%
45224;Akroma's Memorial;Magic 2013;1,14;0,81;-0,33;71%
22771;Phyrexian Arena;Ninth Edition;4,57;4,24;-0,33;93%
48750;Reveillark;Modern Masters;1,08;0,74;-0,34;69%
51354;Opal Palace;Commander 2013;1,66;1,30;-0,36;78%
46246;Dryad Arbor;From the Vault: Realms;1,15;0,79;-0,36;69%
48762;Woodfall Primus;Modern Masters;0,76;0,39;-0,37;51%
23064;Privileged Position;Ravnica: City of Guilds;0,59;0,22;-0,37;37%
41577;Adaptive Automaton;Magic 2012;0,74;0,36;-0,38;49%
34624;Emeria, the Sky Ruin;Zendikar;0,67;0,28;-0,39;42%
38347;Skithiryx, the Blight Dragon;Scars of Mirrodin;1,10;0,69;-0,41;63%
37134;Liliana Vess;Magic 2011;0,67;0,23;-0,44;34%
41371;Garruk, Primal Hunter;Magic 2012;1,11;0,66;-0,45;59%
58981;Thran Dynamo;Legendary Cube;0,96;0,50;-0,46;52%
21385;Minamo, School at Water's Edge;Champions of Kamigawa;1,23;0,76;-0,47;62%
63922;Channeler Initiate;Amonkhet;0,48;0,01;-0,47;2%
52781;Yawgmoth's Will;Vintage Masters;0,93;0,45;-0,48;48%
21021;Kiki-Jiki, Mirror Breaker;Champions of Kamigawa;1,76;1,27;-0,49;72%
49587;Darksteel Forge;Magic 2014;0,95;0,45;-0,50;47%
27633;Beacon of Unrest;Tenth Edition;0,52;0,02;-0,50;4%
39575;Blue Sun's Zenith;Mirrodin Besieged;0,55;0,05;-0,50;9%
55173;Arcane Lighthouse;Commander 2014;1,93;1,43;-0,50;74%
60088;Anguished Unmaking;Shadows over Innistrad;0,89;0,38;-0,51;43%
30234;Crumbling Ashes;Eventide;0,73;0,22;-0,51;30%
34700;Eldrazi Monument;Zendikar;1,23;0,72;-0,51;59%
33462;Scrubland;Masters Edition III;1,93;1,42;-0,51;74%
20938;Silent Arbiter;Fifth Dawn;0,77;0,25;-0,52;32%
48208;Progenitor Mimic;Dragon's Maze;1,17;0,64;-0,53;55%
26594;Venser, Shaper Savant;Future Sight;0,98;0,45;-0,53;46%
49014;Spell Snare;Modern Masters;2,13;1,59;-0,54;75%
29497;Mana Reflection;Shadowmoor;0,78;0,23;-0,55;29%
37546;Platinum Angel;Magic 2011;0,70;0,14;-0,56;20%
49249;Liliana of the Dark Realms;Magic 2014;1,47;0,89;-0,58;61%
58659;Sunken Hollow;Battle for Zendikar;0,80;0,22;-0,58;28%
35589;Tectonic Edge;Worldwake;0,64;0,05;-0,59;8%
37456;Fauna Shaman;Magic 2011;0,73;0,14;-0,59;19%
62377;Breya, Etherium Shaper;You Make the Cube;1,61;1,02;-0,59;63%
39581;Green Sun's Zenith;Mirrodin Besieged;1,81;1,22;-0,59;67%
54318;Clever Impersonator;Khans of Tarkir;2,24;1,63;-0,61;73%
58691;Cinder Glade;Battle for Zendikar;1,23;0,59;-0,64;48%
28495;Austere Command;Lorwyn;0,96;0,29;-0,67;30%
29479;Sunken Ruins;Shadowmoor;1,77;1,09;-0,68;62%
40639;Nin, the Pain Artist;Commander 2011;2,03;1,34;-0,69;66%
52304;Sword of Feast and Famine;Magic Online Promos;3,09;2,37;-0,72;77%
27220;Time Stretch;Tenth Edition;0,94;0,22;-0,72;23%
58671;Canopy Vista;Battle for Zendikar;0,85;0,12;-0,73;14%
39738;Urabrask the Hidden;New Phyrexia;1,51;0,76;-0,75;50%
48786;Glen Elendra Archmage;Modern Masters;1,38;0,61;-0,77;44%
52853;Strip Mine;Vintage Masters;1,72;0,95;-0,77;55%
54252;Narset, Enlightened Master;Khans of Tarkir;1,04;0,27;-0,77;26%
53742;Chord of Calling;Magic 2015;2,93;2,15;-0,78;73%
13151;High Market;Mercadian Masques;2,03;1,24;-0,79;61%
19737;Lightning Greaves;Mirrodin;0,94;0,15;-0,79;16%
53109;Sylvan Library;Vintage Masters;0,87;0,08;-0,79;9%
12415;Windfall;Urza's Saga;0,95;0,14;-0,81;15%
30048;Quillspike;Eventide;1,11;0,26;-0,85;23%
54256;Sidisi, Brood Tyrant;Khans of Tarkir;1,15;0,27;-0,88;23%
62331;Atraxa, Praetors' Voice;You Make the Cube;2,38;1,48;-0,90;62%
20692;Vedalken Orrery;Fifth Dawn;2,08;1,13;-0,95;54%
20539;Sword of Light and Shadow;Darksteel;1,61;0,64;-0,97;40%
49054;Academy Ruins;Modern Masters;1,67;0,65;-1,02;39%
48848;Doubling Season;Modern Masters;3,51;2,45;-1,06;70%
21535;Azusa, Lost but Seeking;Champions of Kamigawa;3,50;2,44;-1,06;70%
57312;Elesh Norn, Grand Cenobite;Modern Masters 2015;2,86;1,74;-1,12;61%
20217;Extraplanar Lens;Mirrodin;1,52;0,39;-1,13;26%
25657;Vesuva;Time Spiral;1,83;0,70;-1,13;38%
42744;Garruk Relentless;Innistrad;2,03;0,89;-1,14;44%
52631;Vampiric Tutor;Vintage Masters;1,20;0,05;-1,15;4%
39587;Blightsteel Colossus;Mirrodin Besieged;3,17;2,00;-1,17;63%
51745;Xenagos, God of Revels;Born of the Gods;2,14;0,97;-1,17;45%
13797;Skyshroud Claim;Nemesis;2,50;1,25;-1,25;50%
17618;Mirari's Wake;Judgment;1,42;0,15;-1,27;11%
39537;Consecrated Sphinx;Mirrodin Besieged;2,24;0,97;-1,27;43%
26926;Coalition Relic;Future Sight;1,43;0,13;-1,30;9%
59069;Thought Vessel;Legendary Cube;4,52;3,21;-1,31;71%
46928;Bribery;Magic Online Promos;2,25;0,90;-1,35;40%
60547;Natural Order;Eternal Masters;2,59;1,22;-1,37;47%
37576;Birds of Paradise;Magic 2011;1,76;0,32;-1,44;18%
43935;Gisela, Blade of Goldnight;Avacyn Restored;1,60;0,16;-1,44;10%
38335;Venser, the Sojourner;Scars of Mirrodin;3,02;1,52;-1,50;50%
40644;Skullbriar, the Walking Grave;Commander 2011;2,17;0,65;-1,52;30%
20535;Sword of Fire and Ice;Darksteel;3,60;2,04;-1,56;57%
23935;Teysa, Orzhov Scion;Guildpact;1,74;0,14;-1,60;8%
39884;Beast Within;New Phyrexia;3,22;1,56;-1,66;48%
28453;Garruk Wildspeaker;Lorwyn;1,94;0,18;-1,76;9%
35715;Avenger of Zendikar;Worldwake;7,41;5,54;-1,87;75%
14171;Rhystic Study;Prophecy;5,63;3,70;-1,93;66%
21135;Boseiju, Who Shelters All;Champions of Kamigawa;3,24;1,26;-1,98;39%
55338;Tasigur, the Golden Fang;Fate Reforged;3,13;1,11;-2,02;35%
20688;Vedalken Shackles;Fifth Dawn;3,07;0,84;-2,23;27%
59047;Kaalia of the Vast;Legendary Cube;2,94;0,60;-2,34;20%
39792;Vorinclex, Voice of Hunger;New Phyrexia;2,77;0,40;-2,37;14%
43979;Tamiyo, the Moon Sage;Avacyn Restored;3,45;1,06;-2,39;31%
52849;Demonic Tutor;Vintage Masters;7,04;4,61;-2,43;65%
56866;Volrath's Stronghold;Tempest Remastered;2,94;0,47;-2,47;16%
37374;Grave Titan;Magic 2011;6,27;3,79;-2,48;60%
28711;Doran, the Siege Tower;Lorwyn;3,13;0,54;-2,59;17%
59043;Homeward Path;Legendary Cube;3,87;1,10;-2,77;28%
53093;Tropical Island;Vintage Masters;6,90;4,03;-2,87;58%
17329;Cabal Coffers;Torment;4,64;1,46;-3,18;31%
43291;Mikaeus, the Unhallowed;Dark Ascension;4,39;1,19;-3,20;27%
55187;Myriad Landscape;Commander 2014;4,74;1,53;-3,21;32%
59053;Animar, Soul of Elements;Legendary Cube;3,56;0,24;-3,32;7%
26758;Pact of Negation;Future Sight;6,77;2,31;-4,46;34%
55763;Ugin, the Spirit Dragon;Magic Online Promos;4,78;0,27;-4,51;6%
