edition,name,foil,ck,mkm,seller,available,profit,profitpct
Commander 2017,Kindred Boon,FALSE,0.64,0.55,Mazvigosl,8,0.72,0.16
Commander 2017,Kindred Discovery,FALSE,8.02,7.29,LocalProCards,4,2.92,0.10
Commander 2017,Kindred Discovery,FALSE,8.02,7.32,Galactus-Roma,4,2.80,0.10
Commander 2017,Kindred Discovery,FALSE,8.02,7.10,willybizarre,8,7.36,0.13
Commander 2017,Kindred Discovery,FALSE,8.02,6.93,Kefdachef,2,2.18,0.16
Commander 2017,Kindred Dominance,FALSE,0.64,0.56,Mazvigosl,8,0.64,0.14
Commander 2017,Herald's Horn,FALSE,4.01,3.56,Mazvigosl,8,3.60,0.13
Commander 2017,Herald's Horn,FALSE,4.01,3.52,Cardexchange,4,1.96,0.14
Commander 2017,Herald's Horn,FALSE,4.01,3.33,BB-TradingCards,4,2.72,0.20
Commander 2017,Herald's Horn,FALSE,4.01,3.65,tanjas,4,1.44,0.10
Commander 2017,Herald's Horn,FALSE,4.01,3.45,tiburonapu,2,1.12,0.16
Commander 2017,Herald's Horn,FALSE,4.01,3.29,simselor,4,2.88,0.22
Commander 2017,Herald's Horn,FALSE,4.01,3.64,CardsMania,2,0.74,0.10
Commander 2017,Herald's Horn,FALSE,4.01,3.10,willybizarre,8,7.28,0.29
Commander 2017,Herald's Horn,FALSE,4.01,3.21,Outpostgamecenter,7,5.60,0.25
Commander 2017,Herald's Horn,FALSE,4.01,3.22,MTGWARHAMMER,4,3.16,0.25
Commander 2017,Herald's Horn,FALSE,4.01,3.29,Magicdealer-patte-de,4,2.88,0.22
Commander 2017,Herald's Horn,FALSE,4.01,3.36,SpellVault,4,2.60,0.19
Commander 2017,Herald's Horn,FALSE,4.01,3.06,ThreeForOne-DE,17,16.15,0.31
Commander 2017,Herald's Horn,FALSE,4.01,3.02,Magicdealer-patte-de,8,7.92,0.33
Commander 2017,Herald's Horn,FALSE,4.01,3.05,magic-market,4,3.84,0.31
Commander 2017,Herald's Horn,FALSE,4.01,3.18,Ergoth,2,1.66,0.26
Commander 2017,Herald's Horn,FALSE,4.01,3.46,MysticShop,2,1.10,0.16
Commander 2017,Herald's Horn,FALSE,4.01,3.25,toycastle,4,3.04,0.23
Commander 2017,Herald's Horn,FALSE,4.01,2.90,WizardshopCz,4,4.44,0.38
Commander 2017,Herald's Horn,FALSE,4.01,3.27,Landelor,2,1.48,0.23
Commander 2017,Herald's Horn,FALSE,4.01,3.14,Rarehuntershop,4,3.48,0.28
Commander 2017,Herald's Horn,FALSE,4.01,3.35,DualGames-Alicante,1,0.66,0.20
Commander 2017,Herald's Horn,FALSE,4.01,3.40,General-eXe,1,0.61,0.18
Commander 2017,Herald's Horn,FALSE,4.01,3.63,RichardD,1,0.38,0.10
Commander 2017,Herald's Horn,FALSE,4.01,3.40,victor46,1,0.61,0.18
Commander 2017,Herald's Horn,FALSE,4.01,3.53,Landelor,1,0.48,0.14
Commander 2017,Herald's Horn,FALSE,4.01,3.64,Magicpro1,1,0.37,0.10
Commander 2017,Herald's Horn,FALSE,4.01,3.34,maxime75018,1,0.67,0.20
Commander 2017,Herald's Horn,FALSE,4.01,3.10,RetroMagic,10,9.10,0.29
Commander 2017,Disrupt Decorum,FALSE,1.04,0.86,willybizarre,8,1.44,0.21
Commander 2017,Disrupt Decorum,FALSE,1.04,0.92,DonMTG,8,0.96,0.13
Commander 2017,Disrupt Decorum,FALSE,1.04,0.89,LocalProCards,4,0.60,0.17
Commander 2017,Disrupt Decorum,FALSE,1.04,0.91,SpellVault,4,0.52,0.14
Commander 2017,Disrupt Decorum,FALSE,1.04,0.80,syliann,3,0.72,0.30
Commander 2017,Traverse the Outlands,FALSE,3.77,3.41,SpellVault,4,1.44,0.11
Commander 2017,Traverse the Outlands,FALSE,3.77,3.30,Tarmogoyf,4,1.88,0.14
Commander 2017,Traverse the Outlands,FALSE,3.77,3.29,MTGWARHAMMER,3,1.44,0.15
Commander 2017,Door of Destinies,FALSE,2.21,1.93,WizardshopCz,8,2.24,0.15
Commander 2017,Door of Destinies,FALSE,2.21,1.63,MagicBarcelona,7,4.06,0.36
Commander 2017,Door of Destinies,FALSE,2.21,2.01,eli1,5,1.00,0.10
Commander 2017,Door of Destinies,FALSE,2.21,1.85,Tarmogoyf,3,1.08,0.19
Commander 2017,Door of Destinies,FALSE,2.21,1.84,InfinityGames,4,1.48,0.20
Commander 2017,Door of Destinies,FALSE,2.21,1.82,komet,3,1.17,0.21
Commander 2017,Door of Destinies,FALSE,2.21,1.70,NICETOPDECK,3,1.53,0.30
Commander 2017,Sol Ring,FALSE,1.32,1.18,Manamaze,16,2.24,0.12
Commander 2017,Sol Ring,FALSE,1.32,1.07,PrincJason,17,4.25,0.23
Commander 2017,Sol Ring,FALSE,1.32,1.10,MagicBarcelona,8,1.76,0.20
Commander 2017,Sol Ring,FALSE,1.32,1.04,Eurekagames,17,4.76,0.27
Commander 2017,Sol Ring,FALSE,1.32,1.11,Shadwell,14,2.94,0.19
Commander 2017,Sol Ring,FALSE,1.32,1.15,WizardshopCz,8,1.36,0.15
Commander 2017,Sol Ring,FALSE,1.32,1.06,Schaffel,17,4.42,0.25
Commander 2017,Sol Ring,FALSE,1.32,1.00,TEMPEST-STORE,17,5.44,0.32
Commander 2017,Sol Ring,FALSE,1.32,1.09,RetroMagic,10,2.30,0.21
Commander 2017,Sol Ring,FALSE,1.32,1.04,DualGames-Alicante,7,1.96,0.27
Commander 2017,Sol Ring,FALSE,1.32,1.11,komet,8,1.68,0.19
Commander 2017,Sol Ring,FALSE,1.32,0.98,Magiccardshop,17,5.78,0.35
Commander 2017,Sol Ring,FALSE,1.32,0.98,Sorcith,8,2.72,0.35
Commander 2017,Sol Ring,FALSE,1.32,1.09,boku-games,8,1.84,0.21
Commander 2017,Sol Ring,FALSE,1.32,1.14,MoonVillage,4,0.72,0.16
Commander 2017,Mirari's Wake,FALSE,3.85,3.38,JupiterMadridNorte,10,4.70,0.14
Commander 2017,Mirari's Wake,FALSE,3.85,3.36,Mazvigosl,8,3.92,0.15
Commander 2017,Mirari's Wake,FALSE,3.85,3.28,NICETOPDECK,10,5.70,0.17
Commander 2017,Sword of the Animist,FALSE,0.80,0.61,MagicBarcelona,8,1.52,0.31
Commander 2017,Sword of the Animist,FALSE,0.80,0.52,JupiterMadridNorte,16,4.48,0.54
Commander 2017,Sword of the Animist,FALSE,0.80,0.58,TEMPEST-STORE,7,1.54,0.38
Commander 2017,Sword of the Animist,FALSE,0.80,0.56,Mazvigosl,8,1.92,0.43
Commander Anthology,Darksteel Mutation,FALSE,0.60,0.54,Goat-enterprise,16,0.96,0.11
Commander Anthology,Darksteel Mutation,FALSE,0.60,0.48,ThreeForOne-DE,14,1.68,0.25
Commander Anthology,Darksteel Mutation,FALSE,0.60,0.53,tiburonapu,4,0.28,0.13
Commander Anthology,Darksteel Mutation,FALSE,0.60,0.46,Shadwell,10,1.40,0.30
Commander Anthology,Darksteel Mutation,FALSE,0.60,0.36,Mazvigosl,8,1.92,0.67
Commander Anthology,Darksteel Mutation,FALSE,0.60,0.36,MagicTradeHouseNo1,17,4.08,0.67
Commander Anthology,Darksteel Mutation,FALSE,0.60,0.39,Games-Island,13,2.73,0.54
Commander Anthology,Darksteel Mutation,FALSE,0.60,0.54,Kartenguru,4,0.24,0.11
Commander Anthology,Darksteel Mutation,FALSE,0.60,0.29,NICETOPDECK,17,5.27,1.07
Commander Anthology,Darksteel Mutation,FALSE,0.60,0.29,Eurekagames,17,5.27,1.07
Commander Anthology,Darksteel Mutation,FALSE,0.60,0.42,mtghaus,8,1.44,0.43
Commander Anthology,Darksteel Mutation,FALSE,0.60,0.31,DualGames-Alicante,8,2.32,0.94
Commander Anthology,Darksteel Mutation,FALSE,0.60,0.42,leeya,12,2.16,0.43
Commander Anthology,Darksteel Mutation,FALSE,0.60,0.53,PlaneswalkerPL,5,0.35,0.13
Commander Anthology,Darksteel Mutation,FALSE,0.60,0.46,e-LegionPL,6,0.84,0.30
Commander Anthology,Darksteel Mutation,FALSE,0.60,0.45,manainfinito,3,0.45,0.33
Commander Anthology,Darksteel Mutation,FALSE,0.60,0.45,Tarmogoyf,4,0.60,0.33
Commander Anthology,Darksteel Mutation,FALSE,0.60,0.32,eli1,12,3.36,0.88
Commander Anthology,Arcane Denial,FALSE,0.48,0.42,JupiterMadridNorte,17,1.02,0.14
Commander Anthology,Arcane Denial,FALSE,0.48,0.42,Eurekagames,17,1.02,0.14
Commander Anthology,Dread Summons,FALSE,0.68,0.56,Mazvigosl,8,0.96,0.21
Commander Anthology,Anger,FALSE,1.20,1.03,JupiterMadridNorte,17,2.89,0.17
Commander Anthology,Anger,FALSE,1.20,1.02,TROPPORICCO,17,3.06,0.18
Commander Anthology,Anger,FALSE,1.20,1.06,Mazvigosl,8,1.12,0.13
Commander Anthology,Anger,FALSE,1.20,0.97,leeya,12,2.76,0.24
Commander Anthology,Pyrohemia,FALSE,0.40,0.30,Eurekagames,17,1.70,0.33
Commander Anthology,Pyrohemia,FALSE,0.40,0.36,MagicTradeHouseNo1,17,0.68,0.11
Commander Anthology,Pyrohemia,FALSE,0.40,0.31,DualGames-Alicante,8,0.72,0.29
Commander Anthology,Pyrohemia,FALSE,0.40,0.31,willybizarre,8,0.72,0.29
Commander Anthology,Pyrohemia,FALSE,0.40,0.33,TEMPEST-STORE,6,0.42,0.21
Commander Anthology,Pyrohemia,FALSE,0.40,0.31,Magiccardshop,11,0.99,0.29
Commander Anthology,Pyrohemia,FALSE,0.40,0.20,NICETOPDECK,17,3.40,1.00
Commander Anthology,Pyrohemia,FALSE,0.40,0.26,Mazvigosl,8,1.12,0.54
Commander Anthology,Pyrohemia,FALSE,0.40,0.29,PlaneswalkerPL,10,1.10,0.38
Commander Anthology,Pyrohemia,FALSE,0.40,0.15,PimperMan,17,4.25,1.67
Commander Anthology,Pyrohemia,FALSE,0.40,0.32,eli1,12,0.96,0.25
Commander Anthology,Pyrohemia,FALSE,0.40,0.19,Mtgspot,17,3.57,1.11
Commander Anthology,Bane of Progress,FALSE,1.12,1.01,DualGames-Alicante,8,0.88,0.11
Commander Anthology,Bane of Progress,FALSE,1.12,0.99,Schaffel,16,2.08,0.13
Commander Anthology,Bane of Progress,FALSE,1.12,0.97,eli1,12,1.80,0.15
Commander Anthology,Bane of Progress,FALSE,1.12,0.79,NICETOPDECK,17,5.61,0.42
Commander Anthology,Bane of Progress,FALSE,1.12,0.75,JupiterMadridNorte,17,6.29,0.49
Commander Anthology,Bane of Progress,FALSE,1.12,0.75,Eurekagames,17,6.29,0.49
Commander Anthology,Bane of Progress,FALSE,1.12,0.81,Mazvigosl,8,2.48,0.38
Commander Anthology,Bane of Progress,FALSE,1.12,0.87,leeya,12,3.00,0.29
Commander Anthology,Bane of Progress,FALSE,1.12,1.00,JupiterMadridNorte,2,0.24,0.12
Commander Anthology,Sylvan Safekeeper,FALSE,0.48,0.43,Mtgspot,17,0.85,0.12
Commander Anthology,Eternal Witness,FALSE,3.61,3.04,NICETOPDECK,17,9.69,0.19
Commander Anthology,Eternal Witness,FALSE,3.61,3.19,e-LegionPL,5,2.10,0.13
Commander Anthology,Krosan Grip,FALSE,0.64,0.54,JupiterMadridNorte,17,1.70,0.19
Commander Anthology,Krosan Grip,FALSE,0.64,0.50,PimperMan,17,2.38,0.28
Commander Anthology,Krosan Grip,FALSE,0.64,0.56,PlaneswalkerWorld,8,0.64,0.14
Commander Anthology,Krosan Grip,FALSE,0.64,0.43,NICETOPDECK,17,3.57,0.49
Commander Anthology,Krosan Grip,FALSE,0.64,0.37,Eurekagames,17,4.59,0.73
Commander Anthology,Krosan Grip,FALSE,0.64,0.43,Mazvigosl,8,1.68,0.49
Commander Anthology,Krosan Grip,FALSE,0.64,0.35,PlaneswalkerWorld,17,4.93,0.83
Commander Anthology,Krosan Grip,FALSE,0.64,0.39,Mtgspot,17,4.25,0.64
Commander Anthology,Krosan Grip,FALSE,0.64,0.47,leeya,12,2.04,0.36
Commander Anthology,Mycoloth,FALSE,0.48,0.39,NICETOPDECK,17,1.53,0.23
Commander Anthology,Mycoloth,FALSE,0.48,0.43,Mazvigosl,8,0.40,0.12
Commander Anthology,Mycoloth,FALSE,0.48,0.35,Eurekagames,17,2.21,0.37
Commander Anthology,"Mazirek, Kraul Death Priest",FALSE,1.12,0.94,NICETOPDECK,17,3.06,0.19
Commander Anthology,"Mazirek, Kraul Death Priest",FALSE,1.12,0.93,Dominaria,12,2.28,0.20
Commander Anthology,"Mazirek, Kraul Death Priest",FALSE,1.12,0.97,leeya,12,1.80,0.15
Commander Anthology,Murkfiend Liege,FALSE,0.92,0.78,Eurekagames,17,2.38,0.18
Commander Anthology,Murkfiend Liege,FALSE,0.92,0.83,TEMPEST-STORE,9,0.81,0.11
Commander Anthology,Murkfiend Liege,FALSE,0.92,0.77,NICETOPDECK,17,2.55,0.19
Commander Anthology,Murkfiend Liege,FALSE,0.92,0.76,PimperMan,17,2.72,0.21
Commander Anthology,Murkfiend Liege,FALSE,0.92,0.81,Mtgspot,17,1.87,0.14
Commander Anthology,Conjurer's Closet,FALSE,0.64,0.53,JupiterMadridNorte,17,1.87,0.21
Commander Anthology,Conjurer's Closet,FALSE,0.64,0.53,PlaneswalkerWorld,11,1.21,0.21
Commander Anthology,Conjurer's Closet,FALSE,0.64,0.50,NICETOPDECK,17,2.38,0.28
Commander Anthology,Conjurer's Closet,FALSE,0.64,0.54,Mazvigosl,8,0.80,0.19
Commander Anthology,Conjurer's Closet,FALSE,0.64,0.39,Eurekagames,17,4.25,0.64
Commander Anthology,Conjurer's Closet,FALSE,0.64,0.52,leeya,12,1.44,0.23
Commander Anthology,Swiftfoot Boots,FALSE,0.52,0.36,DualGames-Alicante,16,2.56,0.44
Commander Anthology,Swiftfoot Boots,FALSE,0.52,0.35,PlaneswalkerWorld,17,2.89,0.49
Commander Anthology,Swiftfoot Boots,FALSE,0.52,0.35,JupiterMadridNorte,17,2.89,0.49
Commander Anthology,Swiftfoot Boots,FALSE,0.52,0.41,DUAL-GAMES,8,0.88,0.27
Commander Anthology,Swiftfoot Boots,FALSE,0.52,0.40,willybizarre,8,0.96,0.30
Commander Anthology,Swiftfoot Boots,FALSE,0.52,0.40,Mazvigosl,8,0.96,0.30
Commander Anthology,Swiftfoot Boots,FALSE,0.52,0.40,Shadwell,16,1.92,0.30
Commander Anthology,Swiftfoot Boots,FALSE,0.52,0.39,Dunkler-Herrscher,17,2.21,0.33
Commander Anthology,Swiftfoot Boots,FALSE,0.52,0.36,MagicTradeHouseNo1,17,2.72,0.44
Commander Anthology,Swiftfoot Boots,FALSE,0.52,0.36,Games-Island,17,2.72,0.44
Commander Anthology,Swiftfoot Boots,FALSE,0.52,0.44,Rusty2410,9,0.72,0.18
Commander Anthology,Swiftfoot Boots,FALSE,0.52,0.29,NICETOPDECK,17,3.91,0.79
Commander Anthology,Swiftfoot Boots,FALSE,0.52,0.46,Kartenguru,8,0.48,0.13
Commander Anthology,Swiftfoot Boots,FALSE,0.52,0.33,Magiccardshop,17,3.23,0.58
Commander Anthology,Swiftfoot Boots,FALSE,0.52,0.45,Eurekagames,4,0.28,0.16
Commander Anthology,Swiftfoot Boots,FALSE,0.52,0.27,Eurekagames,17,4.25,0.93
Commander Anthology,Swiftfoot Boots,FALSE,0.52,0.31,Mtgspot,17,3.57,0.68
Commander Anthology,Thought Vessel,FALSE,1.81,1.55,NewMagicShop2010,17,4.42,0.17
Commander Anthology,Thought Vessel,FALSE,1.81,1.60,ThreeForOne-AT,2,0.42,0.13
Commander Anthology,Thousand-Year Elixir,FALSE,2.01,1.82,NICETOPDECK,15,2.85,0.10
Commander Anthology,Thousand-Year Elixir,FALSE,2.01,1.80,PlaneswalkerWorld,17,3.57,0.12
Duel Decks: Phyrexia vs. the Coalition,Phyrexian Arena,FALSE,3.37,2.75,XkryVentas,2,1.24,0.23
Duel Decks: Phyrexia vs. the Coalition,Phyrexian Arena,FALSE,3.37,2.90,Sagaz,1,0.47,0.16
Duel Decks: Phyrexia vs. the Coalition,"Rith, the Awakener",FALSE,0.64,0.55,MTGCARDPLACE,17,1.53,0.16
Duel Decks: Phyrexia vs. the Coalition,"Rith, the Awakener",FALSE,0.64,0.53,president,4,0.44,0.21
Duel Decks: Venser vs. Koth,Anger,FALSE,2.93,2.55,komet,4,1.52,0.15
Duel Decks: Venser vs. Koth,Anger,FALSE,2.93,2.25,president,2,1.36,0.30
Duel Decks: Zendikar vs. Eldrazi,It That Betrays,FALSE,2.01,1.73,winky-slade,4,1.12,0.16
Duel Decks: Speed vs. Cunning,Goblin Bombardment,FALSE,1.36,1.04,MTGWARHAMMER,17,5.44,0.31
Duel Decks: Speed vs. Cunning,Goblin Bombardment,FALSE,1.36,1.06,Shadwell,16,4.80,0.28
Duel Decks: Speed vs. Cunning,Goblin Bombardment,FALSE,1.36,1.14,Turok79,4,0.88,0.19
Duel Decks: Speed vs. Cunning,Goblin Bombardment,FALSE,1.36,1.13,inGenio,4,0.92,0.20
Duel Decks: Speed vs. Cunning,Goblin Bombardment,FALSE,1.36,0.90,Shadwell,16,7.36,0.51
Duel Decks: Speed vs. Cunning,Goblin Bombardment,FALSE,1.36,0.85,TROPPORICCO,3,1.53,0.60
Duel Decks: Speed vs. Cunning,Goblin Bombardment,FALSE,1.36,0.78,Tarmogoyf,4,2.32,0.74
Magic: The Gathering-Commander,Acorn Catapult,FALSE,0.72,0.61,Shadwell,15,1.65,0.18
Magic: The Gathering-Commander,Acorn Catapult,FALSE,0.72,0.49,Eurekagames,17,3.91,0.47
Betrayers of Kamigawa,Patron of the Moon,FALSE,0.64,0.53,pacofaco,4,0.44,0.21
Betrayers of Kamigawa,Veil of Secrecy,TRUE,0.43,0.37,xADx,8,0.48,0.16
Betrayers of Kamigawa,"Shizuko, Caller of Autumn",FALSE,1.00,0.70,icebox,4,1.20,0.43
Betrayers of Kamigawa,That Which Was Taken,FALSE,2.21,1.76,kolonisten,3,1.35,0.26
Conspiracy: Take the Crown,Skyline Despot,TRUE,3.21,2.90,duduremus,1,0.31,0.11
Conspiracy: Take the Crown,Skyline Despot,FALSE,0.40,0.20,TheMindSculptor,17,3.40,1.00
Conspiracy: Take the Crown,Skyline Despot,FALSE,0.40,0.31,MTGTopdecker,8,0.72,0.29
Conspiracy: Take the Crown,Selvala's Stampede,FALSE,1.28,1.10,NewAge,2,0.36,0.16
Conspiracy: Take the Crown,Selvala's Stampede,FALSE,1.28,0.93,TT5TT5,3,1.05,0.38
Conspiracy: Take the Crown,Selvala's Stampede,FALSE,1.28,0.80,mr-mystik,4,1.92,0.60
Conspiracy: Take the Crown,Selvala's Stampede,FALSE,1.28,1.14,lorescale,4,0.56,0.12
Conspiracy: Take the Crown,Selvala's Stampede,FALSE,1.28,0.89,mr-mystik,3,1.17,0.44
Conspiracy: Take the Crown,Selvala's Stampede,FALSE,1.28,0.89,BlackSun,3,1.17,0.44
Conspiracy: Take the Crown,Selvala's Stampede,FALSE,1.28,0.72,AvalonBurgos,4,2.24,0.78
Conspiracy: Take the Crown,Selvala's Stampede,FALSE,1.28,1.14,TheTabernacle,4,0.56,0.12
Conspiracy: Take the Crown,Selvala's Stampede,FALSE,1.28,0.68,MTGTopdecker,8,4.80,0.88
Conspiracy: Take the Crown,Selvala's Stampede,FALSE,1.28,0.91,elcampoesverde,5,1.85,0.41
Conspiracy: Take the Crown,Selvala's Stampede,FALSE,1.28,0.99,sedehiMTG,2,0.58,0.29
Conspiracy: Take the Crown,Selvala's Stampede,FALSE,1.28,0.69,lisa1985,4,2.36,0.86
Conspiracy: Take the Crown,Selvala's Stampede,FALSE,1.28,0.80,NEMESIS23180,2,0.96,0.60
Conspiracy: Take the Crown,Selvala's Stampede,FALSE,1.28,0.58,inGenio,4,2.80,1.21
Conspiracy: Take the Crown,Selvala's Stampede,FALSE,1.28,0.75,Eustache,3,1.59,0.71
Conspiracy: Take the Crown,Selvala's Stampede,FALSE,1.28,0.95,kdodj,2,0.66,0.35
Conspiracy: Take the Crown,Selvala's Stampede,FALSE,1.28,1.10,Tauriel,1,0.18,0.16
Conspiracy: Take the Crown,Disenchant,TRUE,0.36,0.29,Eurekagames,17,1.19,0.24
Conspiracy: Take the Crown,Ghostly Prison,FALSE,1.40,1.18,Arcea,4,0.88,0.19
Conspiracy: Take the Crown,Ghostly Prison,FALSE,1.40,1.20,Anoia53,3,0.60,0.17
Conspiracy: Take the Crown,Ghostly Prison,FALSE,1.40,1.20,butterfly2,4,0.80,0.17
Conspiracy: Take the Crown,Ghostly Prison,FALSE,1.40,0.91,boku-games,17,8.33,0.54
Conspiracy: Take the Crown,Ghostly Prison,FALSE,1.40,1.27,zazabi,4,0.52,0.10
Conspiracy: Take the Crown,Ghostly Prison,FALSE,1.40,0.99,scopcz,7,2.87,0.41
Conspiracy: Take the Crown,Ghostly Prison,FALSE,1.40,1.17,ultimatewarrior,9,2.07,0.20
Conspiracy: Take the Crown,Ghostly Prison,FALSE,1.40,1.05,Dominaria,3,1.05,0.33
Conspiracy: Take the Crown,Guardian of the Gateless,TRUE,0.48,0.42,WizardshopCz,10,0.60,0.14
Conspiracy: Take the Crown,Guardian of the Gateless,TRUE,0.48,0.34,Mazvigosl,6,0.84,0.41
Conspiracy: Take the Crown,Guardian of the Gateless,TRUE,0.48,0.25,Eurekagames,13,2.99,0.92
Conspiracy: Take the Crown,Desertion,FALSE,1.00,0.73,LittleMissPlayset,4,1.08,0.37
Conspiracy: Take the Crown,Desertion,FALSE,1.00,0.62,LittleMissPlayset,7,2.66,0.61
Conspiracy: Take the Crown,Desertion,FALSE,1.00,0.77,Rawcast,4,0.92,0.30
Conspiracy: Take the Crown,Desertion,FALSE,1.00,0.57,Mazvigosl,8,3.44,0.75
Conspiracy: Take the Crown,Desertion,FALSE,1.00,0.85,Myysterio,3,0.45,0.18
Conspiracy: Take the Crown,Desertion,FALSE,1.00,0.67,BCN-CARDS,4,1.32,0.49
Conspiracy: Take the Crown,Desertion,FALSE,1.00,0.87,sakuraharuno,3,0.39,0.15
Conspiracy: Take the Crown,Desertion,FALSE,1.00,0.70,NEMESIS23180,3,0.90,0.43
Conspiracy: Take the Crown,Desertion,FALSE,1.00,0.63,inGenio,4,1.48,0.59
Conspiracy: Take the Crown,Desertion,FALSE,1.00,0.55,Spanglish,4,1.80,0.82
Conspiracy: Take the Crown,Desertion,FALSE,1.00,0.62,MTGTopdecker,4,1.52,0.61
Conspiracy: Take the Crown,Desertion,FALSE,1.00,0.70,TJHollaar,4,1.20,0.43
Conspiracy: Take the Crown,Gratuitous Violence,FALSE,0.48,0.42,AceMagicDealer,4,0.24,0.14
Conspiracy: Take the Crown,Gratuitous Violence,FALSE,0.48,0.36,MTGTopdecker,8,0.96,0.33
Conspiracy: Take the Crown,Gratuitous Violence,FALSE,0.48,0.43,ultimatewarrior,4,0.20,0.12
Conspiracy: Take the Crown,Guttersnipe,TRUE,1.27,1.08,Mazvigosl,7,1.33,0.18
Conspiracy: Take the Crown,Guttersnipe,TRUE,1.27,1.02,Eurekagames,11,2.75,0.25
Conspiracy: Take the Crown,Exotic Orchard,TRUE,3.09,2.59,SpielRaum,4,2.00,0.19
Conspiracy: Take the Crown,Exotic Orchard,TRUE,3.09,2.55,Sororicide,2,1.08,0.21
Conspiracy: Take the Crown,Exotic Orchard,TRUE,3.09,2.80,SpoilerComics,1,0.29,0.10
Conspiracy: Take the Crown,Exotic Orchard,TRUE,3.09,2.80,Ohnwuzla,1,0.29,0.10
Eldritch Moon,Sigarda's Aid,FALSE,0.58,0.49,xomero,4,0.36,0.18
Eldritch Moon,Sigarda's Aid,FALSE,0.58,0.48,Monliego,4,0.40,0.21
Eldritch Moon,Mind's Dilation,FALSE,0.92,0.77,inGenio,4,0.60,0.19
Magic: The Gathering—Conspiracy,Plea for Power,FALSE,0.58,0.43,MTGCARDPLACE,5,0.75,0.35
Magic: The Gathering—Conspiracy,Plea for Power,FALSE,0.58,0.33,NICETOPDECK,12,3.00,0.76
Magic: The Gathering—Conspiracy,Plea for Power,FALSE,0.58,0.36,Games-Island,17,3.74,0.61
Magic: The Gathering—Conspiracy,Plea for Power,FALSE,0.58,0.50,MTG-Collector,3,0.24,0.16
Magic: The Gathering—Conspiracy,Treasonous Ogre,TRUE,2.65,2.29,TEMPEST-STORE,3,1.08,0.16
Magic: The Gathering—Conspiracy,Treasonous Ogre,TRUE,2.65,2.40,Chipicarl987,1,0.25,0.10
Magic: The Gathering—Conspiracy,Treasonous Ogre,TRUE,2.65,1.90,Virtus895,1,0.75,0.39
Magic: The Gathering—Conspiracy,Treasonous Ogre,TRUE,2.65,1.50,Mtgspot,3,3.45,0.77
Magic: The Gathering—Conspiracy,Deathreap Ritual,FALSE,0.48,0.40,inGenio,4,0.32,0.20
Magic: The Gathering—Conspiracy,Deathreap Ritual,FALSE,0.48,0.38,Jaskevic,4,0.40,0.26
Magic: The Gathering—Conspiracy,Deathreap Ritual,FALSE,0.48,0.40,Chipicarl987,3,0.24,0.20
Magic: The Gathering—Conspiracy,Heartless Hidetsugu,TRUE,2.65,2.29,MagicTradeHouseNo1,3,1.08,0.16
Magic: The Gathering—Conspiracy,Heartless Hidetsugu,TRUE,2.65,1.72,TEMPEST-STORE,4,3.72,0.54
Magic: The Gathering—Conspiracy,Heartless Hidetsugu,TRUE,2.65,1.76,Mtgspot,6,5.34,0.51
Magic: The Gathering—Conspiracy,Heartless Hidetsugu,TRUE,2.65,2.15,Kavoldox,2,1.00,0.23
Magic: The Gathering—Conspiracy,Heartless Hidetsugu,TRUE,2.65,2.10,Jarod,1,0.55,0.26
Magic: The Gathering—Conspiracy,Heartless Hidetsugu,TRUE,2.65,2.30,sboemble,1,0.35,0.15
Magic: The Gathering—Conspiracy,Heartless Hidetsugu,TRUE,2.65,1.90,Brancks,1,0.75,0.39
Magic: The Gathering—Conspiracy,Heartless Hidetsugu,TRUE,2.65,2.19,gangstarbbg,1,0.46,0.21
Magic: The Gathering—Conspiracy,Heartless Hidetsugu,TRUE,2.65,1.85,Belen,1,0.80,0.43
Magic: The Gathering—Conspiracy,Quag Vampires,TRUE,0.56,0.31,TEMPEST-STORE,8,2.00,0.81
Magic: The Gathering—Conspiracy,Quag Vampires,TRUE,0.56,0.34,Mazvigosl,6,1.32,0.65
Magic: The Gathering—Conspiracy,Unquestioned Authority,TRUE,1.28,1.05,Eurekagames,3,0.69,0.22
Magic: The Gathering—Conspiracy,Unquestioned Authority,FALSE,0.16,0.12,NEMESIS23180,17,0.68,0.33
Magic: The Gathering—Conspiracy,Decimate,FALSE,0.64,0.56,Dominaria,11,0.88,0.14
Magic: The Gathering—Conspiracy,Altar of Dementia,FALSE,1.81,1.60,ellerix,1,0.21,0.13
Magic: The Gathering—Conspiracy,Reflecting Pool,FALSE,5.62,4.90,Leprepek,1,0.72,0.15
Magic: The Gathering—Conspiracy,Reflecting Pool,FALSE,5.62,4.90,Lisymachus1986,1,0.72,0.15
Eventide,Springjack Shepherd,FALSE,0.64,0.58,magic-mercato,4,0.24,0.10
Eventide,Inundate,FALSE,1.12,1.00,stylehh,3,0.36,0.12
Eventide,Inundate,FALSE,1.12,0.78,MTG-Altered,3,1.02,0.44
Eventide,Soul Snuffers,FALSE,0.60,0.50,Ywin,4,0.40,0.20
Eventide,Soul Snuffers,FALSE,0.60,0.50,Keeperofthecards,4,0.40,0.20
Eventide,Soul Snuffers,FALSE,0.60,0.34,MarMagic,5,1.30,0.76
Eventide,Soul Snuffers,FALSE,0.60,0.31,guilhermeapoliveira,10,2.90,0.94
Eventide,Soul Snuffers,FALSE,0.60,0.45,LandofCards,4,0.60,0.33
Eventide,Soul Snuffers,FALSE,0.60,0.36,TIER3,4,0.96,0.67
Eventide,Deity of Scars,TRUE,3.61,3.29,OnlyPlaysets,1,0.32,0.10
Eventide,Deity of Scars,TRUE,3.61,3.29,juza1980,1,0.32,0.10
Archenemy,Thran Dynamo,FALSE,7.02,6.25,skaped,1,0.77,0.12
Exodus,Forbid,FALSE,1.12,0.98,slayder84,4,0.56,0.14
Exodus,Forbid,FALSE,1.12,0.98,alonsanz,4,0.56,0.14
Exodus,Forbid,FALSE,1.12,1.02,josejoaojaneiro,3,0.30,0.10
Exodus,Forbid,FALSE,1.12,1.00,SvaB88,2,0.24,0.12
Exodus,Forbid,FALSE,1.12,1.00,CEscorcio,2,0.24,0.12
Fifth Edition,Ashnod's Altar,FALSE,1.40,1.15,ruicasasnovas,4,1.00,0.22
Premium Deck Series: Fire and Lightning,Flames of the Blood Hand,FALSE,1.04,0.93,juanrahm,4,0.44,0.12
Modern Masters 2015 Edition,Necroskitter,FALSE,1.60,1.45,axgaleote,2,0.30,0.10
Modern Masters 2015 Edition,Necroskitter,FALSE,1.60,1.40,juanxro,1,0.20,0.14
Modern Masters 2015 Edition,Necroskitter,FALSE,1.60,1.40,JANENTOMB,1,0.20,0.14
Modern Masters 2015 Edition,Expedition Map,TRUE,3.09,2.73,MagicHumanes,4,1.44,0.13
Modern Masters 2017 Edition,Deadeye Navigator,FALSE,0.60,0.40,nahum86,6,1.20,0.50
Modern Masters 2017 Edition,Dimir Signet,FALSE,0.26,0.23,MyHope,9,0.27,0.13
Modern Masters 2017 Edition,Dimir Signet,FALSE,0.26,0.20,amoxicilina,9,0.54,0.30
"Time Spiral ""Timeshifted""",Psionic Blast,FALSE,2.93,2.65,Mostolesmtg2,6,1.68,0.11
"Time Spiral ""Timeshifted""",Psionic Blast,FALSE,2.93,2.45,Fertris,2,0.96,0.20
"Time Spiral ""Timeshifted""",Psionic Blast,FALSE,2.93,2.35,PhiloOo,4,2.32,0.25
"Time Spiral ""Timeshifted""",Psionic Blast,FALSE,2.93,2.40,omicron102,1,0.53,0.22
"Time Spiral ""Timeshifted""",Psionic Blast,FALSE,2.93,2.45,elesperado,1,0.48,0.20
"Time Spiral ""Timeshifted""",Psionic Blast,FALSE,2.93,2.55,LaBiRiNtO,1,0.38,0.15
"Time Spiral ""Timeshifted""",Psionic Blast,FALSE,2.93,2.39,Titan2k8,1,0.54,0.23
"Time Spiral ""Timeshifted""",Psionic Blast,FALSE,2.93,2.30,Carofex,1,0.63,0.27
"Time Spiral ""Timeshifted""",Psionic Blast,FALSE,2.93,2.40,tzjocanth,1,0.53,0.22
"Time Spiral ""Timeshifted""",Psionic Blast,FALSE,2.93,2.40,drelinou,1,0.53,0.22
"Time Spiral ""Timeshifted""",Psionic Blast,FALSE,2.93,2.15,Feyamius,1,0.78,0.36
"Time Spiral ""Timeshifted""",Psionic Blast,FALSE,2.93,1.40,spawn080,1,1.53,1.09
"Time Spiral ""Timeshifted""",Psionic Blast,FALSE,2.93,2.65,Mostolesmtg2,6,1.68,0.11
"Time Spiral ""Timeshifted""",Psionic Blast,FALSE,2.93,2.45,Fertris,2,0.96,0.20
"Time Spiral ""Timeshifted""",Psionic Blast,FALSE,2.93,2.35,PhiloOo,4,2.32,0.25
"Time Spiral ""Timeshifted""",Psionic Blast,FALSE,2.93,2.40,omicron102,1,0.53,0.22
"Time Spiral ""Timeshifted""",Psionic Blast,FALSE,2.93,2.45,elesperado,1,0.48,0.20
"Time Spiral ""Timeshifted""",Psionic Blast,FALSE,2.93,2.55,LaBiRiNtO,1,0.38,0.15
"Time Spiral ""Timeshifted""",Psionic Blast,FALSE,2.93,2.39,Titan2k8,1,0.54,0.23
"Time Spiral ""Timeshifted""",Psionic Blast,FALSE,2.93,2.30,Carofex,1,0.63,0.27
"Time Spiral ""Timeshifted""",Psionic Blast,FALSE,2.93,2.40,tzjocanth,1,0.53,0.22
"Time Spiral ""Timeshifted""",Psionic Blast,FALSE,2.93,2.40,drelinou,1,0.53,0.22
"Time Spiral ""Timeshifted""",Psionic Blast,FALSE,2.93,2.15,Feyamius,1,0.78,0.36
"Time Spiral ""Timeshifted""",Psionic Blast,FALSE,2.93,1.40,spawn080,1,1.53,1.09
"Time Spiral ""Timeshifted""",Psionic Blast,FALSE,2.93,2.65,Mostolesmtg2,6,1.68,0.11
"Time Spiral ""Timeshifted""",Psionic Blast,FALSE,2.93,2.45,Fertris,2,0.96,0.20
"Time Spiral ""Timeshifted""",Psionic Blast,FALSE,2.93,2.35,PhiloOo,4,2.32,0.25
"Time Spiral ""Timeshifted""",Psionic Blast,FALSE,2.93,2.40,omicron102,1,0.53,0.22
"Time Spiral ""Timeshifted""",Psionic Blast,FALSE,2.93,2.45,elesperado,1,0.48,0.20
"Time Spiral ""Timeshifted""",Psionic Blast,FALSE,2.93,2.55,LaBiRiNtO,1,0.38,0.15
"Time Spiral ""Timeshifted""",Psionic Blast,FALSE,2.93,2.39,Titan2k8,1,0.54,0.23
"Time Spiral ""Timeshifted""",Psionic Blast,FALSE,2.93,2.30,Carofex,1,0.63,0.27
"Time Spiral ""Timeshifted""",Psionic Blast,FALSE,2.93,2.40,tzjocanth,1,0.53,0.22
"Time Spiral ""Timeshifted""",Psionic Blast,FALSE,2.93,2.40,drelinou,1,0.53,0.22
"Time Spiral ""Timeshifted""",Psionic Blast,FALSE,2.93,2.15,Feyamius,1,0.78,0.36
"Time Spiral ""Timeshifted""",Psionic Blast,FALSE,2.93,1.40,spawn080,1,1.53,1.09
"Time Spiral ""Timeshifted""",Psionic Blast,FALSE,2.93,2.65,Mostolesmtg2,6,1.68,0.11
"Time Spiral ""Timeshifted""",Psionic Blast,FALSE,2.93,2.45,Fertris,2,0.96,0.20
"Time Spiral ""Timeshifted""",Psionic Blast,FALSE,2.93,2.35,PhiloOo,4,2.32,0.25
"Time Spiral ""Timeshifted""",Psionic Blast,FALSE,2.93,2.40,omicron102,1,0.53,0.22
"Time Spiral ""Timeshifted""",Psionic Blast,FALSE,2.93,2.45,elesperado,1,0.48,0.20
"Time Spiral ""Timeshifted""",Psionic Blast,FALSE,2.93,2.55,LaBiRiNtO,1,0.38,0.15
"Time Spiral ""Timeshifted""",Psionic Blast,FALSE,2.93,2.39,Titan2k8,1,0.54,0.23
"Time Spiral ""Timeshifted""",Psionic Blast,FALSE,2.93,2.30,Carofex,1,0.63,0.27
"Time Spiral ""Timeshifted""",Psionic Blast,FALSE,2.93,2.40,tzjocanth,1,0.53,0.22
"Time Spiral ""Timeshifted""",Psionic Blast,FALSE,2.93,2.40,drelinou,1,0.53,0.22
"Time Spiral ""Timeshifted""",Psionic Blast,FALSE,2.93,2.15,Feyamius,1,0.78,0.36
"Time Spiral ""Timeshifted""",Psionic Blast,FALSE,2.93,1.40,spawn080,1,1.53,1.09
"Time Spiral ""Timeshifted""",Voidmage Prodigy,TRUE,6.02,4.70,remus,1,1.32,0.28
"Time Spiral ""Timeshifted""",Voidmage Prodigy,TRUE,6.02,4.70,remus,1,1.32,0.28
"Time Spiral ""Timeshifted""",Voidmage Prodigy,TRUE,6.02,4.70,remus,1,1.32,0.28
"Time Spiral ""Timeshifted""",Voidmage Prodigy,TRUE,6.02,4.70,remus,1,1.32,0.28
Eternal Masters,Dualcaster Mage,TRUE,2.65,2.05,Marcelopose,1,0.60,0.29
Eternal Masters,Ashnod's Altar,FALSE,1.60,1.36,Planeswalker-si,15,3.60,0.18
Eternal Masters,Ashnod's Altar,FALSE,1.60,1.38,Magic-Industria-61,4,0.88,0.16
Eternal Masters,Ashnod's Altar,FALSE,1.60,1.28,xXMTGstoreXx,4,1.28,0.25
Eternal Masters,Ashnod's Altar,FALSE,1.60,1.30,mastichore,3,0.90,0.23
Eternal Masters,Ashnod's Altar,FALSE,1.60,1.45,Tukaram,2,0.30,0.10
Eternal Masters,Ashnod's Altar,FALSE,1.60,1.23,Guiropa,4,1.48,0.30
Eternal Masters,Ashnod's Altar,FALSE,1.60,1.30,Guiropa,3,0.90,0.23
Eternal Masters,Ashnod's Altar,FALSE,1.60,1.43,hobbyisit,3,0.51,0.12
Eternal Masters,Ashnod's Altar,FALSE,1.60,1.35,Darksteel77,2,0.50,0.19
Eternal Masters,Ashnod's Altar,FALSE,1.60,1.43,Hestis,3,0.51,0.12
Aether Revolt,Mechanized Production,FALSE,2.01,1.70,ArkhonInfaustus,1,0.31,0.18
Aether Revolt,Gifted Aetherborn,FALSE,1.20,0.75,GuilleS,2,0.90,0.60
Aether Revolt,Gifted Aetherborn,FALSE,1.20,0.48,bogesito,4,2.88,1.50
Aether Revolt,Gifted Aetherborn,FALSE,1.20,1.07,Skamler,1,0.13,0.12
Aether Revolt,Gifted Aetherborn,FALSE,1.20,1.05,jorge1492,1,0.15,0.14
Aether Revolt,Gifted Aetherborn,FALSE,1.20,1.02,TenshiOkamiMTG,1,0.18,0.18
Aether Revolt,Gifted Aetherborn,FALSE,1.20,1.00,asmurdok,1,0.20,0.20
Aether Revolt,"Yahenni, Undying Partisan",TRUE,3.09,2.64,TheTabernacle,4,1.80,0.17
Aether Revolt,"Yahenni, Undying Partisan",TRUE,3.09,2.35,miguekatsura666,2,1.48,0.31
Aether Revolt,"Yahenni, Undying Partisan",TRUE,3.09,2.34,Funtastic,2,1.50,0.32
Aether Revolt,"Yahenni, Undying Partisan",TRUE,3.09,2.40,galaxy04,1,0.69,0.29
Aether Revolt,"Yahenni, Undying Partisan",TRUE,3.09,2.40,Assurus,1,0.69,0.29
Aether Revolt,"Yahenni, Undying Partisan",TRUE,3.09,2.27,gvanroey,2,1.64,0.36
Aether Revolt,"Yahenni, Undying Partisan",TRUE,3.09,2.40,mulligan-a3,1,0.69,0.29
Aether Revolt,"Yahenni, Undying Partisan",TRUE,3.09,2.69,ioanm576,1,0.40,0.15
Aether Revolt,"Yahenni, Undying Partisan",TRUE,3.09,2.79,collezionamishop,1,0.30,0.11
Aether Revolt,"Yahenni, Undying Partisan",TRUE,3.09,2.65,Judge-Penance,1,0.44,0.17
Aether Revolt,"Yahenni, Undying Partisan",TRUE,3.09,2.70,BattleGames,1,0.39,0.14
Aether Revolt,"Yahenni, Undying Partisan",TRUE,3.09,2.15,VerticeComics,1,0.94,0.44
Aether Revolt,"Yahenni, Undying Partisan",TRUE,3.09,1.55,Ludorama,2,3.08,0.99
Aether Revolt,"Yahenni, Undying Partisan",TRUE,3.09,1.80,DRACO-TEAM,1,1.29,0.72
Aether Revolt,Heroic Intervention,TRUE,4.01,3.42,ilcovodelnerd,3,1.77,0.17
Aether Revolt,Heroic Intervention,TRUE,4.01,2.63,gvanroey,4,5.52,0.52
Aether Revolt,Heroic Intervention,FALSE,2.41,1.98,TheTabernacle,4,1.72,0.22
Aether Revolt,Heroic Intervention,FALSE,2.41,2.06,bwic7261,2,0.70,0.17
Aether Revolt,Heroic Intervention,FALSE,2.41,2.20,seelensoeren,1,0.21,0.10
Aether Revolt,Heroic Intervention,FALSE,2.41,1.80,Fintas3,2,1.22,0.34
Aether Revolt,Heroic Intervention,FALSE,2.41,2.20,Netz122,1,0.21,0.10
Aether Revolt,Heroic Intervention,FALSE,2.41,2.19,spankx,1,0.22,0.10
Aether Revolt,Heroic Intervention,FALSE,2.41,2.19,Flogge85,1,0.22,0.10
Aether Revolt,Heroic Intervention,FALSE,2.41,1.89,torriko,1,0.52,0.28
Aether Revolt,Heroic Intervention,FALSE,2.41,1.88,pakodios,1,0.53,0.28
Aether Revolt,Heroic Intervention,FALSE,2.41,2.10,Birdmkm,1,0.31,0.15
Aether Revolt,Heroic Intervention,FALSE,2.41,1.78,ANUBEMAXICA,1,0.63,0.35
Aether Revolt,Rishkar's Expertise,TRUE,1.12,1.01,gvanroey,3,0.33,0.11
Aether Revolt,Tezzeret the Schemer,FALSE,4.41,3.90,AncestralGames,1,0.51,0.13
Alara Reborn,Finest Hour,FALSE,1.40,1.22,POOL4YOU,4,0.72,0.15
Amonkhet,Approach of the Second Sun,TRUE,2.81,2.43,JimyTuning,2,0.76,0.16
Amonkhet,Approach of the Second Sun,TRUE,2.81,2.40,LaCaverneduJeu,1,0.41,0.17
Amonkhet,Regal Caracal,FALSE,2.01,1.65,GabbaGandalf,4,1.44,0.22
Amonkhet,Regal Caracal,FALSE,2.01,1.80,Levodin,2,0.42,0.12
Amonkhet,Regal Caracal,FALSE,2.01,1.80,nforca,2,0.42,0.12
Amonkhet,Winds of Rebuke,TRUE,0.16,0.12,Eurekagames,17,0.68,0.33
Amonkhet,Fetid Pools,TRUE,6.74,6.14,MTGTopdecker,1,0.60,0.10
Amonkhet,Fetid Pools,TRUE,6.74,6.00,Tizio,1,0.74,0.12
Amonkhet,Fetid Pools,TRUE,6.74,5.60,MfMartins,1,1.14,0.20
Amonkhet,Fetid Pools,TRUE,6.74,5.40,kevrom,1,1.34,0.25
Amonkhet,Fetid Pools,TRUE,6.74,5.62,SarcoZQ,1,1.12,0.20
Amonkhet,Fetid Pools,TRUE,6.74,5.39,Tony51,1,1.35,0.25
Amonkhet,Fetid Pools,TRUE,6.74,5.29,collezionamishop,1,1.45,0.27
Amonkhet,Fetid Pools,FALSE,3.61,3.25,Buzzdu76,1,0.36,0.11
Fifth Dawn,Acquire,FALSE,1.00,0.88,Nonsolofumetto3,3,0.36,0.14
Fifth Dawn,Acquire,FALSE,1.00,0.84,xlelez,3,0.48,0.19
Fifth Dawn,Bringer of the Blue Dawn,FALSE,1.60,1.38,Freediver,3,0.66,0.16
Fifth Dawn,Bringer of the Blue Dawn,FALSE,1.60,1.35,Millah,2,0.50,0.19
Fifth Dawn,Mephidross Vampire,FALSE,3.77,3.32,el-diablo,4,1.80,0.14
Fifth Dawn,Mephidross Vampire,FALSE,3.77,3.40,Fegocito,1,0.37,0.11
Fifth Dawn,Mephidross Vampire,FALSE,3.77,3.40,OscarEscalante,1,0.37,0.11
Fifth Dawn,Mephidross Vampire,FALSE,3.77,3.40,Magic-Industria-61,1,0.37,0.11
Fifth Dawn,Mephidross Vampire,FALSE,3.77,3.40,Elodhan,1,0.37,0.11
Fifth Dawn,Mephidross Vampire,FALSE,3.77,3.39,Magicnoparlik,1,0.38,0.11
Fifth Dawn,Mephidross Vampire,FALSE,3.77,3.35,HolyDemon,1,0.42,0.13
Fifth Dawn,Mephidross Vampire,FALSE,3.77,2.59,Dragon23,2,2.36,0.46
Fifth Dawn,Mephidross Vampire,FALSE,3.77,3.15,Streetjudge,1,0.62,0.20
Fifth Dawn,Mephidross Vampire,FALSE,3.77,3.43,Ikbob,1,0.34,0.10
Fifth Dawn,Mephidross Vampire,FALSE,3.77,3.38,pawnhamster,1,0.39,0.12
Fifth Dawn,Blasting Station,TRUE,7.22,6.30,Ixildur,1,0.92,0.15
Fifth Dawn,Blasting Station,TRUE,7.22,5.20,Alucard7261,1,2.02,0.39
Fifth Dawn,Eternal Witness,FALSE,3.21,2.85,nahum86,1,0.36,0.13
Fifth Dawn,Possessed Portal,TRUE,4.81,4.27,tino01,1,0.54,0.13
Fifth Dawn,Vedalken Orrery,TRUE,13.48,10.89,MagicBarcelona,1,2.59,0.24
Onslaught,Aurification,FALSE,1.60,1.44,MfosasG,1,0.16,0.11
Onslaught,Aurification,FALSE,1.60,1.30,FOX-Hound,1,0.30,0.23
Onslaught,Harsh Mercy,FALSE,1.81,1.50,CarlosMTT,1,0.31,0.21
Onslaught,Harsh Mercy,FALSE,1.81,1.30,Morannon,1,0.51,0.39
Onslaught,Weathered Wayfarer,TRUE,16.85,14.90,kikekai,1,1.95,0.13
Onslaught,Weathered Wayfarer,TRUE,16.85,13.80,MagicForever8,1,3.05,0.22
Onslaught,Supreme Inquisitor,FALSE,1.60,1.38,CounterTop,1,0.22,0.16
Onslaught,Supreme Inquisitor,FALSE,1.60,1.20,Laodo,1,0.40,0.33
Onslaught,Supreme Inquisitor,FALSE,1.60,1.20,anibos,1,0.40,0.33
Onslaught,Voidmage Prodigy,TRUE,7.22,6.30,Ixildur,1,0.92,0.15
Onslaught,Voidmage Prodigy,TRUE,7.22,6.20,abadd0n,1,1.02,0.16
Onslaught,Voidmage Prodigy,TRUE,7.22,6.19,infornication,1,1.03,0.17
Onslaught,Voidmage Prodigy,FALSE,1.08,0.83,Foilman,4,1.00,0.30
Onslaught,Wheel and Deal,TRUE,7.22,5.37,Ghostlo,4,7.40,0.34
Onslaught,Wheel and Deal,TRUE,7.22,6.29,Funtastic,1,0.93,0.15
Onslaught,Wheel and Deal,TRUE,7.22,6.52,Warser,1,0.70,0.11
Onslaught,Wheel and Deal,TRUE,7.22,6.58,sanderw,1,0.64,0.10
Onslaught,Words of Waste,TRUE,3.53,2.80,maeviouz,1,0.73,0.26
Onslaught,Words of Waste,TRUE,3.53,3.18,guardofdarkness,1,0.35,0.11
Onslaught,Words of Waste,TRUE,3.53,2.80,ilcovodelnerd,1,0.73,0.26
Onslaught,Words of Waste,TRUE,3.53,1.90,Levodin,1,1.63,0.86
Seventh Edition,Oppression,FALSE,1.04,0.80,LSMSC,4,0.96,0.30
Seventh Edition,Oppression,FALSE,1.04,0.66,MTG-Altered,5,1.90,0.58
Seventh Edition,Sage Owl,TRUE,0.56,0.40,Dole2000,4,0.64,0.40
Avacyn Restored,Reforge the Soul,FALSE,1.40,0.95,DonDepresor32,2,0.90,0.47
Avacyn Restored,Conjurer's Closet,FALSE,0.92,0.65,NICETOPDECK,17,4.59,0.42
Avacyn Restored,Conjurer's Closet,FALSE,0.92,0.75,GENEXA,4,0.68,0.23
Future Sight,"Venser, Shaper Savant",TRUE,40.92,35.75,ferre9,1,5.17,0.14
Future Sight,"Venser, Shaper Savant",TRUE,40.92,33.43,pikolak,1,7.49,0.22
Future Sight,Nacatl War-Pride,FALSE,0.68,0.58,LaBiRiNtO,4,0.40,0.17
Future Sight,Nacatl War-Pride,FALSE,0.68,0.40,Chipicarl987,3,0.84,0.70
Future Sight,Virulent Sliver,TRUE,1.44,1.10,JANENTOMB,3,1.02,0.31
Guildpact,Ghostway,FALSE,3.05,2.68,Nettling-Imp,4,1.48,0.14
Guildpact,Spelltithe Enforcer,TRUE,3.09,2.78,ayoken,1,0.31,0.11
Guildpact,Spelltithe Enforcer,TRUE,3.09,2.59,stef70,1,0.50,0.19
Guildpact,Spelltithe Enforcer,TRUE,3.09,2.48,thunderdome,1,0.61,0.25
Guildpact,Spelltithe Enforcer,TRUE,3.09,2.38,PCR1262,1,0.71,0.30
Guildpact,Spelltithe Enforcer,TRUE,3.09,2.38,mstokowski,1,0.71,0.30
Guildpact,Spelltithe Enforcer,TRUE,3.09,2.13,charmer,1,0.96,0.45
Guildpact,Tibor and Lumia,TRUE,3.21,2.30,caradog,1,0.91,0.40
Commander 2013 Edition,Darksteel Mutation,FALSE,0.48,0.30,Eurekagames,17,3.06,0.60
Commander 2013 Edition,Darksteel Mutation,FALSE,0.48,0.40,das-Marmak,17,1.36,0.20
Commander 2013 Edition,Darksteel Mutation,FALSE,0.48,0.36,MagicTradeHouseNo1,17,2.04,0.33
Commander 2013 Edition,Darksteel Mutation,FALSE,0.48,0.36,Games-Island,16,1.92,0.33
Commander 2013 Edition,Darksteel Mutation,FALSE,0.48,0.36,Shadwell,16,1.92,0.33
Commander 2013 Edition,Darksteel Mutation,FALSE,0.48,0.35,Devian-Magic-Cards,8,1.04,0.37
Commander 2013 Edition,Darksteel Mutation,FALSE,0.48,0.37,Goat-enterprise,17,1.87,0.30
Commander 2013 Edition,Darksteel Mutation,FALSE,0.48,0.31,Shadwell,16,2.72,0.55
Commander 2013 Edition,Darksteel Mutation,FALSE,0.48,0.28,lonelia,15,3.00,0.71
Commander 2013 Edition,Darksteel Mutation,FALSE,0.48,0.26,wei%C3%9Fer-Lotus,17,3.74,0.85
Commander 2013 Edition,Darksteel Mutation,FALSE,0.48,0.38,JOKO,4,0.40,0.26
Commander 2013 Edition,Darksteel Mutation,FALSE,0.48,0.15,LilianaOfTheVeil,17,5.61,2.20
Commander 2013 Edition,Darksteel Mutation,FALSE,0.48,0.21,stsung,12,3.24,1.29
Commander 2013 Edition,Darksteel Mutation,FALSE,0.48,0.35,karmacrow,4,0.52,0.37
Commander 2013 Edition,Phyrexian Reclamation,FALSE,1.00,0.80,STARDUSTSHOP,17,3.40,0.25
Commander 2013 Edition,Phyrexian Reclamation,FALSE,1.00,0.84,karmacrow,12,1.92,0.19
Commander 2013 Edition,Phyrexian Reclamation,FALSE,1.00,0.91,Bazaarofmagic,4,0.36,0.10
Commander 2013 Edition,Phyrexian Reclamation,FALSE,1.00,0.85,parkage,4,0.60,0.18
Commander 2013 Edition,Phyrexian Reclamation,FALSE,1.00,0.87,OutpostBrussels,4,0.52,0.15
Commander 2013 Edition,Phyrexian Reclamation,FALSE,1.00,0.63,Magicdealer-patte-de,13,4.81,0.59
Commander 2013 Edition,Phyrexian Reclamation,FALSE,1.00,0.75,PlaneswalkerWorld,3,0.75,0.33
Commander 2013 Edition,Phyrexian Reclamation,FALSE,1.00,0.60,RetroMagic,10,4.00,0.67
Commander 2013 Edition,Phyrexian Reclamation,FALSE,1.00,0.83,bumamara,4,0.68,0.20
Commander 2013 Edition,Phyrexian Reclamation,FALSE,1.00,0.59,Shadwell,9,3.69,0.69
Commander 2013 Edition,Phyrexian Reclamation,FALSE,1.00,0.68,Highmarket,5,1.60,0.47
Commander 2013 Edition,Phyrexian Reclamation,FALSE,1.00,0.72,fabfesta,4,1.12,0.39
Commander 2013 Edition,Phyrexian Reclamation,FALSE,1.00,0.59,Devian-Magic-Cards,3,1.23,0.69
Commander 2013 Edition,Phyrexian Reclamation,FALSE,1.00,0.60,Ruleofthegame,4,1.60,0.67
Commander 2013 Edition,Phyrexian Reclamation,FALSE,1.00,0.29,LilianaOfTheVeil,17,12.07,2.45
Commander 2013 Edition,Phyrexian Reclamation,FALSE,1.00,0.54,Tarmogoyf,4,1.84,0.85
Commander 2013 Edition,Phyrexian Reclamation,FALSE,1.00,0.35,karmacrow,4,2.60,1.86
Commander 2013 Edition,Phyrexian Reclamation,FALSE,1.00,0.35,Nadel,4,2.60,1.86
Commander 2013 Edition,Warstorm Surge,FALSE,0.32,0.27,LilianaOfTheVeil,17,0.85,0.19
Commander 2013 Edition,Krosan Grip,FALSE,0.92,0.60,LilianaOfTheVeil,17,5.44,0.53
Commander 2013 Edition,Krosan Grip,FALSE,0.92,0.70,Shadwell,12,2.64,0.31
Commander 2013 Edition,Krosan Grip,FALSE,0.92,0.80,Ruleofthegame,4,0.48,0.15
Commander 2013 Edition,Krosan Grip,FALSE,0.92,0.69,Tarmogoyf,4,0.92,0.33
Commander 2013 Edition,Krosan Grip,FALSE,0.92,0.80,luas86,2,0.24,0.15
Commander 2013 Edition,Tempt with Discovery,FALSE,1.77,1.30,Vhengry,3,1.41,0.36
Commander 2013 Edition,Bant Panorama,FALSE,0.19,0.11,LilianaOfTheVeil,17,1.36,0.73
Commander 2013 Edition,Bant Panorama,FALSE,0.19,0.14,oRISHADAo,17,0.85,0.36
Commander 2013 Edition,Crawlspace,FALSE,3.21,2.80,Ollis-Spielecenter,4,1.64,0.15
Commander 2013 Edition,Jund Panorama,FALSE,0.16,0.13,LilianaOfTheVeil,17,0.51,0.23
Commander 2013 Edition,Jund Panorama,FALSE,0.16,0.14,oRISHADAo,17,0.34,0.14
From the Vault: Dragons,Dragonstorm,FALSE,2.17,1.83,lallo23,4,1.36,0.19
From the Vault: Exiled,Strip Mine,FALSE,17.25,15.43,Kaisersoze,3,5.46,0.12
From the Vault: Lore,Beseech the Queen,FALSE,1.77,1.54,TEMPEST-STORE,17,3.91,0.15
From the Vault: Lore,Beseech the Queen,FALSE,1.77,1.50,PimperMan,17,4.59,0.18
From the Vault: Lore,Beseech the Queen,FALSE,1.77,1.54,PlaneswalkerWorld,10,2.30,0.15
From the Vault: Twenty,Thran Dynamo,FALSE,5.21,4.30,ellerix,1,0.91,0.21
Legends,Eureka,FALSE,148.43,107.02,snezox,1,41.41,0.39
Mirage,Mindbender Spores,FALSE,0.42,0.33,MTG-Altered,3,0.27,0.27
Innistrad,Blasphemous Act,FALSE,1.77,1.59,Skogstokig,7,1.26,0.11
Innistrad,Blasphemous Act,FALSE,1.77,1.47,IsolatedSystem,4,1.20,0.20
Innistrad,Isolated Chapel,FALSE,3.21,2.90,sovmar,4,1.24,0.11
Innistrad,Kessig Wolf Run,FALSE,1.36,1.13,erratacorrige,4,0.92,0.20
Invasion,Spirit of Resistance,TRUE,4.81,4.20,Ragnar%C3%B6k,1,0.61,0.15
Invasion,Aura Shards,FALSE,8.42,7.59,Philoman,2,1.66,0.11
Invasion,Phyrexian Altar,FALSE,20.86,18.36,Rarehuntershop,3,7.50,0.14
Invasion,Phyrexian Altar,FALSE,20.86,18.63,oenomous,1,2.23,0.12
Ixalan,Spell Swindle,TRUE,4.01,3.58,Dunkler-Herrscher,2,0.86,0.12
Ixalan,Spell Swindle,TRUE,4.01,3.26,MTGTopdecker,4,3.00,0.23
Ixalan,Spell Swindle,TRUE,4.01,3.30,Shark-Games,2,1.42,0.22
Ixalan,Spell Swindle,TRUE,4.01,3.50,scorpi,1,0.51,0.15
Ixalan,Spell Swindle,TRUE,4.01,2.88,gvanroey,4,4.52,0.39
Ixalan,Spell Swindle,TRUE,4.01,3.40,danielito,1,0.61,0.18
Ixalan,Spell Swindle,TRUE,4.01,3.40,QuintaEsencia,1,0.61,0.18
Ixalan,Spell Swindle,TRUE,4.01,3.40,Jomadilo,1,0.61,0.18
Ixalan,Spell Swindle,FALSE,1.12,0.94,FunnyHobby,11,1.98,0.19
Ixalan,Kitesail Freebooter,TRUE,1.28,0.98,Mtgspot,7,2.10,0.31
Ixalan,Kitesail Freebooter,TRUE,1.28,0.93,fumettopoli,3,1.05,0.38
Ixalan,Revel in Riches,FALSE,0.40,0.34,FunnyHobby,16,0.96,0.18
Ixalan,Revel in Riches,FALSE,0.40,0.36,FenixShop,8,0.32,0.11
Ixalan,Vraska's Contempt,FALSE,4.01,3.61,ferre9,8,3.20,0.11
Ixalan,Vraska's Contempt,FALSE,4.01,3.13,JerryBean,1,0.88,0.28
Ixalan,"Gishath, Sun's Avatar",TRUE,14.44,12.90,metropoliscenter,1,1.54,0.12
Ixalan,"Gishath, Sun's Avatar",TRUE,14.44,12.90,tiburonapu,1,1.54,0.12
Ixalan,"Gishath, Sun's Avatar",TRUE,14.44,12.44,MagicBarcelona,2,4.00,0.16
Ixalan,"Gishath, Sun's Avatar",TRUE,14.44,12.75,scopcz,2,3.38,0.13
Ixalan,"Gishath, Sun's Avatar",TRUE,14.44,12.55,MTGsingles,2,3.78,0.15
Ixalan,"Gishath, Sun's Avatar",TRUE,14.44,11.88,gvanroey,4,10.24,0.22
Ixalan,"Gishath, Sun's Avatar",TRUE,14.44,11.84,Mtgspot,2,5.20,0.22
Ixalan,"Gishath, Sun's Avatar",TRUE,14.44,11.40,Mazvigosl,2,6.08,0.27
Ixalan,"Gishath, Sun's Avatar",TRUE,14.44,11.55,fumettopoli,2,5.78,0.25
Ixalan,Vanquisher's Banner,FALSE,1.00,0.90,Brightblades,4,0.40,0.11
Judgment,Anger,TRUE,8.66,7.40,HolyDiver,1,1.26,0.17
Judgment,Planar Chaos,TRUE,3.09,2.10,magic-market,2,1.98,0.47
Judgment,Planar Chaos,TRUE,3.09,2.15,Morannon,1,0.94,0.44
Judgment,Planar Chaos,TRUE,3.09,1.80,TopdeckPamplona,1,1.29,0.72
Judgment,Planar Chaos,TRUE,3.09,2.15,SteGle88,1,0.94,0.44
Judgment,Living Wish,FALSE,3.21,2.91,Jordy,4,1.20,0.10
Judgment,Living Wish,FALSE,3.21,2.90,Chipicarl987,1,0.31,0.11
Judgment,Living Wish,FALSE,3.21,2.90,Morannon,1,0.31,0.11
Kaladesh,Authority of the Consuls,FALSE,2.61,2.25,imatge,1,0.36,0.16
Kaladesh,Authority of the Consuls,FALSE,2.61,2.15,Grecutus,1,0.46,0.21
Kaladesh,Authority of the Consuls,FALSE,2.61,1.84,GENEXA,1,0.77,0.42
Kaladesh,Authority of the Consuls,FALSE,2.61,1.78,pabloyoko,2,1.66,0.47
Kaladesh,Authority of the Consuls,FALSE,2.61,2.10,Zareso,1,0.51,0.24
Kaladesh,Authority of the Consuls,FALSE,2.61,2.30,Kessen,1,0.31,0.13
Kaladesh,Authority of the Consuls,FALSE,2.61,1.71,Goldberg90,2,1.80,0.53
Kaladesh,Authority of the Consuls,FALSE,2.61,2.09,Wafsitar,1,0.52,0.25
Kaladesh,Authority of the Consuls,FALSE,2.61,1.79,ThunderGames-Huelva,1,0.82,0.46
Kaladesh,Authority of the Consuls,FALSE,2.61,1.78,melow2006,1,0.83,0.47
Kaladesh,Authority of the Consuls,FALSE,2.61,2.07,BSxor,1,0.54,0.26
Kaladesh,Authority of the Consuls,FALSE,2.61,2.35,liebgot,1,0.26,0.11
Kaladesh,Authority of the Consuls,FALSE,2.61,2.20,polcus,1,0.41,0.19
Kaladesh,Authority of the Consuls,FALSE,2.61,2.32,Cyrex,1,0.29,0.13
Kaladesh,Authority of the Consuls,FALSE,2.61,2.19,gomikael,1,0.42,0.19
Kaladesh,Authority of the Consuls,FALSE,2.61,1.68,makaya,1,0.93,0.55
Kaladesh,Authority of the Consuls,FALSE,2.61,2.35,MiguelCorreia,1,0.26,0.11
Kaladesh,Authority of the Consuls,FALSE,2.61,1.65,vivabender,1,0.96,0.58
Kaladesh,Authority of the Consuls,FALSE,2.61,1.95,Roke98,1,0.66,0.34
Kaladesh,Authority of the Consuls,FALSE,2.61,1.86,IlyaYakovlev,1,0.75,0.40
Kaladesh,Authority of the Consuls,FALSE,2.61,1.64,Anoobiis,1,0.97,0.59
Kaladesh,Authority of the Consuls,FALSE,2.61,1.61,Ivan123,1,1.00,0.62
Kaladesh,Authority of the Consuls,FALSE,2.61,2.30,Bu11z3y3,1,0.31,0.13
Kaladesh,Authority of the Consuls,FALSE,2.61,1.60,Ratonciya87,1,1.01,0.63
Kaladesh,Authority of the Consuls,FALSE,2.61,1.60,Yeryo,1,1.01,0.63
Kaladesh,Authority of the Consuls,FALSE,2.61,2.30,millmtg,1,0.31,0.13
Kaladesh,Authority of the Consuls,FALSE,2.61,1.59,argc1780,1,1.02,0.64
Kaladesh,Authority of the Consuls,FALSE,2.61,2.26,lebreu,1,0.35,0.15
Kaladesh,Authority of the Consuls,FALSE,2.61,2.05,Cedor,1,0.56,0.27
Kaladesh,Authority of the Consuls,FALSE,2.61,1.95,Lambertus,1,0.66,0.34
Kaladesh,Authority of the Consuls,FALSE,2.61,2.05,robbies73,1,0.56,0.27
Kaladesh,Authority of the Consuls,FALSE,2.61,2.26,Thije,1,0.35,0.15
Kaladesh,Authority of the Consuls,FALSE,2.61,1.90,TimLab,1,0.71,0.37
Kaladesh,Authority of the Consuls,FALSE,2.61,1.40,relinquisched,1,1.21,0.86
Kaladesh,Authority of the Consuls,TRUE,5.30,4.53,magiccorner,4,3.08,0.17
Kaladesh,Authority of the Consuls,TRUE,5.30,4.70,PeloutseMtG,1,0.60,0.13
Kaladesh,Authority of the Consuls,TRUE,5.30,4.53,Atheris,1,0.77,0.17
Kaladesh,Authority of the Consuls,TRUE,5.30,4.60,vgcenter,1,0.70,0.15
Kaladesh,Authority of the Consuls,TRUE,5.30,4.45,TCGWarehouse,1,0.85,0.19
Kaladesh,Authority of the Consuls,TRUE,5.30,3.85,Rusty2410,2,2.90,0.38
Kaladesh,Authority of the Consuls,TRUE,5.30,4.70,Kernowjim,1,0.60,0.13
Kaladesh,Authority of the Consuls,TRUE,5.30,4.70,masa,1,0.60,0.13
Kaladesh,Authority of the Consuls,TRUE,5.30,4.20,ahzrab,1,1.10,0.26
Kaladesh,Authority of the Consuls,TRUE,5.30,3.23,Spanglish,4,8.28,0.64
Kaladesh,Authority of the Consuls,TRUE,5.30,4.18,JoGo5,1,1.12,0.27
Kaladesh,Authority of the Consuls,TRUE,5.30,3.88,Icarusjocs-BCN,1,1.42,0.37
Kaladesh,Authority of the Consuls,TRUE,5.30,3.58,Freediver,2,3.44,0.48
Kaladesh,Authority of the Consuls,TRUE,5.30,3.95,Magicjunkie,1,1.35,0.34
Kaladesh,Authority of the Consuls,TRUE,5.30,3.89,Schaffel,1,1.41,0.36
Kaladesh,Authority of the Consuls,TRUE,5.30,3.47,Goat-enterprise,2,3.66,0.53
Kaladesh,Authority of the Consuls,TRUE,5.30,4.10,GuardianAdventure,1,1.20,0.29
Kaladesh,Authority of the Consuls,TRUE,5.30,3.40,iomazas,1,1.90,0.56
Kaladesh,Authority of the Consuls,TRUE,5.30,3.40,tiburonapu,1,1.90,0.56
Kaladesh,Authority of the Consuls,TRUE,5.30,3.69,Liwijathan,1,1.61,0.44
Kaladesh,Authority of the Consuls,TRUE,5.30,3.67,lisa1985,1,1.63,0.44
Kaladesh,Authority of the Consuls,TRUE,5.30,3.75,Rishadan-Magic-Store,1,1.55,0.41
Kaladesh,Authority of the Consuls,TRUE,5.30,4.13,Arcanum,1,1.17,0.28
Kaladesh,Authority of the Consuls,TRUE,5.30,3.28,elrincondelhobby,1,2.02,0.62
Kaladesh,Authority of the Consuls,TRUE,5.30,3.90,tino01,1,1.40,0.36
Kaladesh,Authority of the Consuls,TRUE,5.30,3.10,Lorena,1,2.20,0.71
Kaladesh,Authority of the Consuls,TRUE,5.30,3.20,C-J511,1,2.10,0.66
Kaladesh,Authority of the Consuls,TRUE,5.30,4.59,eli1,1,0.71,0.15
Kaladesh,Authority of the Consuls,TRUE,5.30,3.60,Slobbe,1,1.70,0.47
Kaladesh,Authority of the Consuls,TRUE,5.30,3.35,ChagoB,1,1.95,0.58
Kaladesh,Authority of the Consuls,TRUE,5.30,3.67,Ishan,1,1.63,0.44
Kaladesh,Authority of the Consuls,TRUE,5.30,2.79,ThunderGames-Huelva,1,2.51,0.90
Kaladesh,Authority of the Consuls,TRUE,5.30,2.95,fury86,1,2.35,0.80
Kaladesh,Authority of the Consuls,TRUE,5.30,2.30,Jarod,1,3.00,1.30
Kaladesh,Authority of the Consuls,TRUE,5.30,3.54,ivo-aljo,1,1.76,0.50
Kaladesh,Fumigate,TRUE,3.61,3.21,elrincondelhobby,2,0.80,0.12
Kaladesh,Fumigate,TRUE,3.61,2.90,camarasa99,1,0.71,0.24
Kaladesh,Fumigate,TRUE,3.61,2.90,Mtgbilbao85,1,0.71,0.24
Kaladesh,Fumigate,TRUE,3.61,2.84,Alexis-PL,2,1.54,0.27
Kaladesh,Longtusk Cub,TRUE,1.81,1.45,alejandrosaenz,1,0.36,0.25
Kaladesh,Aetherflux Reservoir,TRUE,2.41,2.20,DUAL-GAMES,2,0.42,0.10
Kaladesh,Aetherflux Reservoir,TRUE,2.41,2.12,WizardshopCz,4,1.16,0.14
Kaladesh,Aetherflux Reservoir,TRUE,2.41,1.95,moteuchi,2,0.92,0.24
Kaladesh,Aetherflux Reservoir,TRUE,2.41,2.15,iasplan,1,0.26,0.12
Lorwyn,Merrow Reejerey,FALSE,2.97,2.60,Rincewind79,2,0.74,0.14
Lorwyn,Merrow Reejerey,FALSE,2.97,2.45,MadridMagic,2,1.04,0.21
Lorwyn,Merrow Reejerey,FALSE,2.97,2.29,R-Batsbak,3,2.04,0.30
Lorwyn,Merrow Reejerey,FALSE,2.97,2.65,NewDominariaMalaga,1,0.32,0.12
Lorwyn,Merrow Reejerey,FALSE,2.97,2.02,Kolleggz,4,3.80,0.47
Lorwyn,Merrow Reejerey,FALSE,2.97,2.37,Tankbull,2,1.20,0.25
Lorwyn,Merrow Reejerey,FALSE,2.97,2.25,Wampopower,2,1.44,0.32
Lorwyn,Mistbind Clique,FALSE,7.62,6.80,bncarvalho,2,1.64,0.12
Lorwyn,Scion of Oona,FALSE,2.01,1.73,Ramix,4,1.12,0.16
Lorwyn,Scion of Oona,FALSE,2.01,1.83,Eddard,4,0.72,0.10
Lorwyn,Scion of Oona,FALSE,2.01,1.23,Felixuco,4,3.12,0.63
Lorwyn,Shapesharer,FALSE,1.20,1.05,Banin,3,0.45,0.14
Lorwyn,Shapesharer,FALSE,1.20,1.08,Fabiux79,4,0.48,0.11
Lorwyn,Shapesharer,FALSE,1.20,1.02,CardsMania,4,0.72,0.18
Lorwyn,Wanderwine Prophets,TRUE,12.03,10.30,psionic-ita,1,1.73,0.17
Lorwyn,Wanderwine Prophets,FALSE,3.61,3.28,Svacinka,4,1.32,0.10
Lorwyn,Wanderwine Prophets,TRUE,12.03,10.53,Vojtino,1,1.50,0.14
Lorwyn,Wanderwine Prophets,TRUE,12.03,9.20,Gon192,1,2.83,0.31
Lorwyn,Wanderwine Prophets,FALSE,3.61,3.02,nikobro,3,1.77,0.20
Lorwyn,Ashling the Pilgrim,FALSE,1.00,0.90,robneme,6,0.60,0.11
Lorwyn,Ashling the Pilgrim,FALSE,1.00,0.85,innisly,4,0.60,0.18
Lorwyn,Ashling the Pilgrim,FALSE,1.00,0.82,CardsMania,4,0.72,0.22
Lorwyn,Ashling the Pilgrim,FALSE,1.00,0.84,MTG-Altered,2,0.32,0.19
Lorwyn,"Doran, the Siege Tower",FALSE,4.81,4.23,EVOCR,4,2.32,0.14
Magic 2010,Vampire Nocturnus,FALSE,4.57,3.25,AvEMaiSTeR,3,3.96,0.41
Magic 2010,Dragonskull Summit,TRUE,4.81,3.65,anaxagoras324,1,1.16,0.32
Magic 2010,Terramorphic Expanse,TRUE,1.44,1.15,Grombalring,1,0.29,0.25
Magic 2013,Reliquary Tower,FALSE,2.01,1.80,dark222222,4,0.84,0.12
Mirrodin,Leonin Abunas,FALSE,1.36,1.23,sesmero,4,0.52,0.11
Mirrodin,Leonin Abunas,FALSE,1.36,1.23,innisly,2,0.26,0.11
Mirrodin,Fabricate,FALSE,1.81,1.60,Pilcore,4,0.84,0.13
Mirrodin,Fabricate,FALSE,1.81,1.48,VinewoodCenter88,4,1.32,0.22
Mirrodin,Fiery Gambit,FALSE,1.28,1.10,jester1975,2,0.36,0.16
Mirrodin,Fiery Gambit,FALSE,1.28,0.87,magictuga,4,1.64,0.47
Mirrodin,Fiery Gambit,FALSE,1.28,1.07,ResN91,2,0.42,0.20
Mirrodin,Fiery Gambit,FALSE,1.28,0.94,Robbingrogue,3,1.02,0.36
Mirrodin,Fiery Gambit,FALSE,1.28,0.95,Wafsitar,2,0.66,0.35
Mirrodin,Gilded Lotus,TRUE,15.89,13.20,fl0Sc,1,2.69,0.20
Mirrodin,Gilded Lotus,TRUE,15.89,12.60,Torremond,2,6.58,0.26
Mirrodin,Gilded Lotus,TRUE,15.89,13.19,don-smiley,1,2.70,0.20
Mirrodin,Gilded Lotus,TRUE,15.89,13.15,Grecutus,1,2.74,0.21
Mirrodin,Krark's Thumb,FALSE,1.12,0.95,kashtmtg,2,0.34,0.18
Mirrodin,Krark's Thumb,FALSE,1.12,0.95,asdru85,2,0.34,0.18
Mirrodin,Krark's Thumb,FALSE,1.12,0.88,PeloutseMtG,3,0.72,0.27
Mirrodin,Krark's Thumb,FALSE,1.12,1.02,mhegen,2,0.20,0.10
Mirrodin,Solemn Simulacrum,FALSE,3.21,2.55,RMadness,3,1.98,0.26
Mirrodin,Sword of Kaldra,FALSE,4.57,3.61,Manamaze,2,1.92,0.27
Mirrodin,Sword of Kaldra,FALSE,4.57,4.05,Nonsolofumetto3,1,0.52,0.13
Mirrodin,Sword of Kaldra,FALSE,4.57,3.65,JOKO,1,0.92,0.25
Mirrodin,Sword of Kaldra,FALSE,4.57,4.12,AldoNala,1,0.45,0.11
Mirrodin,Sword of Kaldra,FALSE,4.57,3.70,ultra-f,1,0.87,0.24
Mirrodin,Sword of Kaldra,FALSE,4.57,3.95,Thorbueler,1,0.62,0.16
Mirrodin,Triskelion,TRUE,3.21,2.68,Freediver,1,0.53,0.20
Mirrodin,Triskelion,TRUE,3.21,2.37,demonio,1,0.84,0.35
Mirrodin,Triskelion,TRUE,3.21,2.40,caradog,1,0.81,0.34
Modern Masters,Kodama's Reach,FALSE,0.52,0.45,Firebrand91,17,1.19,0.16
Modern Masters,Kodama's Reach,FALSE,0.52,0.46,scorpi,4,0.24,0.13
Modern Masters,Kodama's Reach,FALSE,0.52,0.40,NEMESIS23180,5,0.60,0.30
Modern Masters,Kodama's Reach,FALSE,0.52,0.44,Marcomortskaven,4,0.32,0.18
Modern Masters,Kodama's Reach,FALSE,0.52,0.40,Matilla,3,0.36,0.30
Modern Masters,Krosan Grip,FALSE,0.72,0.61,MyHope,7,0.77,0.18
Modern Masters,Krosan Grip,FALSE,0.72,0.61,david92f,4,0.44,0.18
Modern Masters,Krosan Grip,FALSE,0.72,0.61,Mistycball,4,0.44,0.18
Modern Masters,Krosan Grip,FALSE,0.72,0.58,zerosgames,4,0.56,0.24
Morningtide,Idyllic Tutor,TRUE,28.88,26.19,MoonVillage,1,2.69,0.10
Morningtide,Idyllic Tutor,TRUE,28.88,25.40,AliaDeschain,1,3.48,0.14
Morningtide,Idyllic Tutor,TRUE,28.88,24.80,MTGWARHAMMER,1,4.08,0.16
Morningtide,Idyllic Tutor,TRUE,28.88,23.88,CounterTop,1,5.00,0.21
Morningtide,Distant Melody,TRUE,2.65,1.47,Arcueid57,3,3.54,0.80
Ninth Edition,Spirit Link,TRUE,3.21,2.55,solo81,1,0.66,0.26
Ninth Edition,Mortivore,TRUE,2.81,2.55,MagicBarcelona,3,0.78,0.10
Ninth Edition,Underworld Dreams,FALSE,1.60,1.45,Levodin,2,0.30,0.10
Ninth Edition,Underworld Dreams,FALSE,1.60,1.25,petitruedi,4,1.40,0.28
Ninth Edition,Furnace of Rath,FALSE,0.92,0.74,EyebaC,2,0.36,0.24
Ninth Edition,Kird Ape,TRUE,4.81,3.70,caradog,1,1.11,0.30
Ninth Edition,Howling Mine,TRUE,4.01,3.65,L4ragorn,1,0.36,0.10
Ninth Edition,Sulfurous Springs,TRUE,18.29,16.20,altrove,1,2.09,0.13
Oath of the Gatewatch,Stoneforge Masterwork,FALSE,0.42,0.28,morfeo1981,12,1.68,0.50
Oath of the Gatewatch,Stoneforge Masterwork,FALSE,0.42,0.22,xomero,17,3.40,0.91
Odyssey,Buried Alive,TRUE,7.22,6.20,caradog,1,1.02,0.16
Odyssey,Nantuko Shrine,TRUE,1.12,0.89,JK-Store,4,0.92,0.26
Odyssey,"Seton, Krosan Protector",TRUE,7.70,6.90,Aryen,1,0.80,0.12
Odyssey,Wild Mongrel,TRUE,2.41,1.43,Ex0rcist,4,3.92,0.69
Planar Chaos,Porphyry Nodes,TRUE,12.03,10.30,psionic-ita,1,1.73,0.17
Planar Chaos,Extirpate,FALSE,3.37,3.05,arekczubin,4,1.28,0.10
Planar Chaos,"Vorosh, the Hunter",FALSE,0.58,0.52,BCN-CARDS,4,0.24,0.12
Planar Chaos,"Vorosh, the Hunter",FALSE,0.58,0.47,magic-el-encuentro,4,0.44,0.23
Champions of Kamigawa,"Isamaru, Hound of Konda",TRUE,10.03,8.30,Batterskull94,1,1.73,0.21
Champions of Kamigawa,"Kokusho, the Evening Star",TRUE,16.85,15.30,xlelez,1,1.55,0.10
Champions of Kamigawa,"Seizan, Perverter of Truth",FALSE,0.72,0.55,TitiSarthois,4,0.68,0.31
Champions of Kamigawa,Lava Spike,FALSE,2.61,1.96,Cpt-Kalle,3,1.95,0.33
Champions of Kamigawa,Konda's Banner,FALSE,4.57,4.14,CHEAP-n-SAFE,1,0.43,0.10
Champions of Kamigawa,Konda's Banner,FALSE,4.57,3.90,Pageses,1,0.67,0.17
Champions of Kamigawa,Konda's Banner,FALSE,4.57,4.10,raz989,1,0.47,0.11
Champions of Kamigawa,Konda's Banner,FALSE,4.57,3.60,arfa777,1,0.97,0.27
Champions of Kamigawa,Konda's Banner,FALSE,4.57,3.90,Patrizio80,1,0.67,0.17
Champions of Kamigawa,Forbidden Orchard,FALSE,4.01,3.65,bogesito,2,0.72,0.10
Champions of Kamigawa,Forbidden Orchard,FALSE,4.01,3.50,PeloutseMtG,3,1.53,0.15
Champions of Kamigawa,Forbidden Orchard,FALSE,4.01,3.25,JupiterSevilla,3,2.28,0.23
Champions of Kamigawa,Forbidden Orchard,FALSE,4.01,3.60,javifr851,1,0.41,0.11
Champions of Kamigawa,Forbidden Orchard,FALSE,4.01,3.40,minotario,1,0.61,0.18
Champions of Kamigawa,Forbidden Orchard,FALSE,4.01,3.65,shaka7,1,0.36,0.10
Champions of Kamigawa,Forbidden Orchard,FALSE,4.01,2.90,Random-player,1,1.11,0.38
Champions of Kamigawa,Forbidden Orchard,FALSE,4.01,2.40,bncarvalho,4,6.44,0.67
Champions of Kamigawa,Forbidden Orchard,FALSE,4.01,2.60,anotherlive,1,1.41,0.54
Champions of Kamigawa,Hall of the Bandit Lord,FALSE,5.62,4.90,FOX-Hound,1,0.72,0.15
Champions of Kamigawa,Hall of the Bandit Lord,FALSE,5.62,5.10,achilles,1,0.52,0.10
Champions of Kamigawa,Hall of the Bandit Lord,FALSE,5.62,3.95,Random-player,2,3.34,0.42
Champions of Kamigawa,Dosan the Falling Leaf,FALSE,1.60,1.38,Txarli69,1,0.22,0.16
Coldsnap,Thrumming Stone,FALSE,4.25,3.56,NICETOPDECK,16,11.04,0.19
Coldsnap,Thrumming Stone,FALSE,4.25,3.60,Cheiud,2,1.30,0.18
Duel Decks: Elspeth vs. Kiora,Explosive Vegetation,FALSE,0.32,0.27,LilianaOfTheVeil,13,0.65,0.19
Duel Decks: Elspeth vs. Kiora,Explosive Vegetation,FALSE,0.32,0.29,Mtgspot,17,0.51,0.10
Planechase Anthology,Felidar Umbra,FALSE,0.43,0.38,lacavernadevoltir,11,0.55,0.13
Planechase Anthology,Felidar Umbra,FALSE,0.43,0.36,Mazvigosl,8,0.56,0.19
Planechase Anthology,Fusion Elemental,FALSE,0.09,0.08,Eurekagames,17,0.17,0.13
Planechase Anthology,Glen Elendra Liege,FALSE,1.11,0.90,MagicTradeHouseNo1,17,3.57,0.23
Planechase Anthology,Glen Elendra Liege,FALSE,1.11,0.93,Tradeware,13,2.34,0.19
Planechase Anthology,Glen Elendra Liege,FALSE,1.11,0.86,MagicBarcelona,8,2.00,0.29
Commander 2014,Comeuppance,FALSE,0.68,0.60,Deisss,4,0.32,0.13
Commander 2014,Well of Ideas,FALSE,0.58,0.48,oRISHADAo,17,1.70,0.21
Commander 2014,Well of Ideas,FALSE,0.58,0.45,Shadwell,16,2.08,0.29
Commander 2014,Well of Ideas,FALSE,0.58,0.41,MagicTradeHouseNo1,17,2.89,0.41
Commander 2014,Well of Ideas,FALSE,0.58,0.46,BCN-CARDS,4,0.48,0.26
Commander 2014,Well of Ideas,FALSE,0.58,0.43,dead-style,4,0.60,0.35
Commander 2014,True Conviction,FALSE,1.36,1.04,MTGWARHAMMER,17,5.44,0.31
Commander 2014,True Conviction,FALSE,1.36,1.19,Spanglish,3,0.51,0.14
Commander 2014,Pongify,FALSE,1.12,0.96,flambergpl,8,1.28,0.17
Commander 2014,Pongify,FALSE,1.12,0.88,TheMindSculptor,5,1.20,0.27
Commander 2014,Pongify,FALSE,1.12,0.80,Mostolesmtg2,3,0.96,0.40
Commander 2014,Pongify,FALSE,1.12,0.97,fredc,3,0.45,0.15
Commander 2014,Rite of Replication,FALSE,1.44,1.17,fabfesta,17,4.59,0.23
Commander 2014,Rite of Replication,FALSE,1.44,1.09,Tradeware,16,5.60,0.32
Commander 2014,Rite of Replication,FALSE,1.44,1.25,Highmarket,6,1.14,0.15
Commander 2014,Rite of Replication,FALSE,1.44,1.16,magicpryce,10,2.80,0.24
Commander 2014,Rite of Replication,FALSE,1.44,1.19,Mephit,4,1.00,0.21
Commander 2014,Dread Return,FALSE,0.48,0.38,TheMindSculptor,12,1.20,0.26
Commander 2014,Dread Return,FALSE,0.48,0.36,STARDUSTSHOP,17,2.04,0.33
Commander 2014,Dread Return,FALSE,0.48,0.33,LilianaOfTheVeil,7,1.05,0.45
Commander 2014,Read the Bones,FALSE,0.17,0.12,TheMindSculptor,17,0.85,0.42
Commander 2014,Read the Bones,FALSE,0.17,0.14,oRISHADAo,17,0.51,0.21
Commander 2014,Burnished Hart,FALSE,0.42,0.30,MTGWARHAMMER,17,2.04,0.40
Commander 2014,Burnished Hart,FALSE,0.42,0.35,das-Marmak,17,1.19,0.20
Commander 2014,Burnished Hart,FALSE,0.42,0.30,STARDUSTSHOP,17,2.04,0.40
Commander 2014,Burnished Hart,FALSE,0.42,0.25,LilianaOfTheVeil,7,1.19,0.68
Commander 2014,Burnished Hart,FALSE,0.42,0.12,TheMindSculptor,17,5.10,2.50
Commander 2014,Burnished Hart,FALSE,0.42,0.36,AvalonBurgos,3,0.18,0.17
Commander 2014,Charcoal Diamond,FALSE,0.22,0.19,Eurekagames,17,0.51,0.16
Commander 2014,Charcoal Diamond,FALSE,0.22,0.15,TheMindSculptor,17,1.19,0.47
Commander 2014,Charcoal Diamond,FALSE,0.22,0.17,MTG-Altered,11,0.55,0.29
Commander 2014,Everflowing Chalice,FALSE,0.17,0.15,TheMindSculptor,17,0.34,0.13
Commander 2014,Fire Diamond,FALSE,0.24,0.21,Eurekagames,17,0.51,0.14
Commander 2014,Fire Diamond,FALSE,0.24,0.21,Shadwell,16,0.48,0.14
Commander 2014,Pearl Medallion,FALSE,1.77,1.60,STARDUSTSHOP,17,2.89,0.11
Commander 2014,Pearl Medallion,FALSE,1.77,1.58,Roosty,17,3.23,0.12
Commander 2014,Pearl Medallion,FALSE,1.77,1.59,Schaffel,4,0.72,0.11
Commander 2014,Pearl Medallion,FALSE,1.77,1.49,flambergpl,7,1.96,0.19
Commander 2014,Pearl Medallion,FALSE,1.77,1.60,konfu,2,0.34,0.11
Commander 2014,Pearl Medallion,FALSE,1.77,1.59,Darkzidan,2,0.36,0.11
Commander 2014,Sky Diamond,FALSE,0.32,0.21,Eurekagames,17,1.87,0.52
Commander 2014,Sky Diamond,FALSE,0.32,0.27,LilianaOfTheVeil,6,0.30,0.19
Commander 2014,Sky Diamond,FALSE,0.32,0.22,Shadwell,16,1.60,0.45
Commander 2014,Sky Diamond,FALSE,0.32,0.15,TheMindSculptor,17,2.89,1.13
Commander 2014,Sky Diamond,FALSE,0.32,0.22,Tradeware,15,1.50,0.45
Commander 2014,Sky Diamond,FALSE,0.32,0.17,MTG-Altered,11,1.65,0.88
Commander 2014,Swiftfoot Boots,FALSE,0.26,0.21,LilianaOfTheVeil,14,0.70,0.24
Commander 2014,Swiftfoot Boots,FALSE,0.26,0.20,TheMindSculptor,17,1.02,0.30
Commander 2015,Dread Summons,FALSE,1.00,0.89,Dunkler-Herrscher,17,1.87,0.12
Commander 2015,Dread Summons,FALSE,1.00,0.82,POOL4YOU,4,0.72,0.22
Commander 2015,Dread Summons,FALSE,1.00,0.82,AceMagicDealer,4,0.72,0.22
Commander 2015,Dread Summons,FALSE,1.00,0.83,GameRift,6,1.02,0.20
Commander 2015,Dread Summons,FALSE,1.00,0.85,parkage,4,0.60,0.18
Commander 2015,Karmic Justice,FALSE,1.77,1.60,Shadwell,12,2.04,0.11
Commander 2015,Karmic Justice,FALSE,1.77,1.59,magic-market,4,0.72,0.11
Commander 2015,Karmic Justice,FALSE,1.77,1.42,POOL4YOU,4,1.40,0.25
Commander 2015,Karmic Justice,FALSE,1.77,1.36,Highmarket,6,2.46,0.30
Commander 2015,Karmic Justice,FALSE,1.77,1.29,GameRift,5,2.40,0.37
Commander 2015,Karmic Justice,FALSE,1.77,1.35,Mythos242,2,0.84,0.31
Commander 2015,Karmic Justice,FALSE,1.77,1.10,parkage,4,2.68,0.61
Commander 2015,Blatant Thievery,FALSE,0.92,0.66,NICETOPDECK,14,3.64,0.39
Commander 2015,Blatant Thievery,FALSE,0.92,0.75,Goat-enterprise,12,2.04,0.23
Commander 2015,Blatant Thievery,FALSE,0.92,0.60,STARDUSTSHOP,17,5.44,0.53
Commander 2015,Blatant Thievery,FALSE,0.92,0.72,JK-Store,8,1.60,0.28
Commander 2015,Blatant Thievery,FALSE,0.92,0.84,Shadwell,5,0.40,0.10
Commander 2015,Blatant Thievery,FALSE,0.92,0.69,GameRift,7,1.61,0.33
Commander 2015,Windfall,FALSE,0.64,0.56,STARDUSTSHOP,17,1.36,0.14
Commander 2015,Windfall,FALSE,0.64,0.49,Dunkler-Herrscher,17,2.55,0.31
Commander 2015,Chameleon Colossus,FALSE,1.00,0.88,Kartenguru,4,0.48,0.14
Commander 2015,Chameleon Colossus,FALSE,1.00,0.66,fabfesta,17,5.78,0.52
Commander 2015,Chameleon Colossus,FALSE,1.00,0.75,Tradeware,7,1.75,0.33
Commander 2015,Chameleon Colossus,FALSE,1.00,0.59,Dunkler-Herrscher,17,6.97,0.69
Commander 2015,Chameleon Colossus,FALSE,1.00,0.87,Pavel7856,4,0.52,0.15
Commander 2015,Krosan Grip,FALSE,0.92,0.58,Shadwell,16,5.44,0.59
Commander 2015,Krosan Grip,FALSE,0.92,0.76,Kartenguru,4,0.64,0.21
Commander 2015,Krosan Grip,FALSE,0.92,0.69,GameRift,6,1.38,0.33
Commander 2015,Phyrexian Reclamation,FALSE,1.00,0.90,Tradeware,17,1.70,0.11
Commander 2015,Phyrexian Reclamation,FALSE,1.00,0.64,Varonos1988,17,6.12,0.56
Commander 2015,Phyrexian Reclamation,FALSE,1.00,0.91,Bazaarofmagic,4,0.36,0.10
Commander 2015,Phyrexian Reclamation,FALSE,1.00,0.54,MTGWARHAMMER,17,7.82,0.85
Commander 2015,Phyrexian Reclamation,FALSE,1.00,0.78,xomero,3,0.66,0.28
Commander 2015,Phyrexian Reclamation,FALSE,1.00,0.75,boku-games,4,1.00,0.33
Commander 2015,Phyrexian Reclamation,FALSE,1.00,0.74,magicpryce,6,1.56,0.35
Commander 2015,Phyrexian Reclamation,FALSE,1.00,0.59,TheMindSculptor,3,1.23,0.69
Commander 2015,Phyrexian Reclamation,FALSE,1.00,0.85,magic-market,2,0.30,0.18
Commander 2015,Phyrexian Reclamation,FALSE,1.00,0.65,JK-Store,3,1.05,0.54
Commander 2015,Phyrexian Reclamation,FALSE,1.00,0.72,tina0048,5,1.40,0.39
Commander 2015,"Arjun, the Shifting Flame",FALSE,1.00,0.90,AceMagicDealer,2,0.20,0.11
Commander 2015,Thought Vessel,FALSE,2.01,1.82,POOL4YOU,4,0.76,0.10
Commander 2015,Thought Vessel,FALSE,2.01,1.81,POOL4YOU,4,0.80,0.11
Commander 2015,Thought Vessel,FALSE,2.01,1.80,tiburonapu,3,0.63,0.12
Commander 2015,Thought Vessel,FALSE,2.01,1.66,das-Marmak,16,5.60,0.21
Commander 2015,Thought Vessel,FALSE,2.01,1.57,MTGWARHAMMER,12,5.28,0.28
Commander 2015,Thought Vessel,FALSE,2.01,1.62,POOL4YOU,4,1.56,0.24
Commander 2015,Urza's Incubator,FALSE,11.23,9.70,golgoth123,2,3.06,0.16
Commander 2016,Primeval Protector,FALSE,0.52,0.45,LittleMissPlayset,16,1.12,0.16
Commander 2016,Primeval Protector,FALSE,0.52,0.45,Mazvigosl,8,0.56,0.16
Commander 2016,Windborn Muse,FALSE,0.64,0.55,Mazvigosl,8,0.72,0.16
Commander 2016,Burgeoning,FALSE,2.01,1.82,Spanglish,4,0.76,0.10
Commander 2016,Lurking Predators,FALSE,1.36,1.11,Dunkler-Herrscher,14,3.50,0.23
Commander 2016,Lurking Predators,FALSE,1.36,1.21,SpellVault,4,0.60,0.12
Commander 2016,Lurking Predators,FALSE,1.36,1.21,zuzu-Fantasia,3,0.45,0.12
Commander 2016,Forbidden Orchard,FALSE,3.37,3.00,TheMindSculptor,4,1.48,0.12
Commander 2016,Forbidden Orchard,FALSE,3.37,3.02,CardsMania,4,1.40,0.12
Commander 2016,Forbidden Orchard,FALSE,3.37,2.63,w-thanos,7,5.18,0.28
Commander 2016,Forbidden Orchard,FALSE,3.37,2.61,willybizarre,8,6.08,0.29
Commander 2016,Forbidden Orchard,FALSE,3.37,2.85,parkage,4,2.08,0.18
Commander 2016,Forbidden Orchard,FALSE,3.37,2.87,lonelia,2,1.00,0.17
Commander 2016,Forbidden Orchard,FALSE,3.37,2.85,zerschmetterling,1,0.52,0.18
Planechase,Fabricate,FALSE,2.17,1.89,Skurlok,1,0.28,0.15
Planechase,Phyrexian Arena,FALSE,3.21,2.85,sephorusFR,4,1.44,0.13
Portal Three Kingdoms,"Guan Yu, Sainted Warrior",FALSE,8.83,7.88,karlitos88,1,0.95,0.12
Portal Three Kingdoms,Ravages of War,FALSE,116.33,104.50,Imadar,1,11.83,0.11
Portal Three Kingdoms,Riding Red Hare,FALSE,1.35,1.22,Ruleofthegame,3,0.39,0.11
Portal Three Kingdoms,Forest Bear,FALSE,3.05,2.52,josejoaojaneiro,3,1.59,0.21
Conflux,Magister Sphinx,TRUE,1.40,1.09,Mtgspot,17,5.27,0.28
Conflux,Reliquary Tower,FALSE,2.21,1.73,hisamaru,4,1.92,0.28
Dark Ascension,Increasing Confusion,FALSE,0.92,0.63,Yeryo,4,1.16,0.46
Darksteel,Darksteel Forge,FALSE,5.13,4.40,Luidag,1,0.73,0.17
Darksteel,Geth's Grimoire,FALSE,0.30,0.18,MTG-Altered,16,1.92,0.67
Darksteel,Shield of Kaldra,FALSE,2.97,2.62,CardsMania,3,1.05,0.13
Darksteel,Shield of Kaldra,FALSE,2.97,2.70,noctraton,2,0.54,0.10
Darksteel,Shield of Kaldra,FALSE,2.97,2.57,tulppu,3,1.20,0.16
Darksteel,Shield of Kaldra,FALSE,2.97,2.40,QuickSilver82,2,1.14,0.24
Darksteel,Shield of Kaldra,FALSE,2.97,2.40,kaper,1,0.57,0.24
Darksteel,Shield of Kaldra,FALSE,2.97,2.07,J-Dawg,3,2.70,0.43
Darksteel,Sword of Light and Shadow,FALSE,15.64,13.90,IcyElche,1,1.74,0.13
Darksteel,Sword of Light and Shadow,FALSE,15.64,13.30,Kuldotha-Bazaar,1,2.34,0.18
Dissension,Loaming Shaman,TRUE,5.30,4.69,Nakilper,2,1.22,0.13
Dissension,Loaming Shaman,TRUE,5.30,4.14,MAGICPLANET,2,2.32,0.28
Dissension,Experiment Kraj,FALSE,1.60,0.80,luismo,3,2.40,1.00
Dissension,Isperia the Inscrutable,TRUE,2.41,2.01,Scorpius86,1,0.40,0.20
Dissension,Magewright's Stone,FALSE,0.58,0.48,LuisLlana,5,0.50,0.21
Dissension,Magewright's Stone,FALSE,0.58,0.50,DRAGONCT,3,0.24,0.16
Dissension,Magewright's Stone,FALSE,0.58,0.49,tabletop-miniatures,4,0.36,0.18
Dissension,Magewright's Stone,FALSE,0.58,0.48,KOJICABUTTO,3,0.30,0.21
Dissension,Magewright's Stone,FALSE,0.58,0.44,gryphusito,3,0.42,0.32
Dissension,Magewright's Stone,FALSE,0.58,0.40,ikatos,3,0.54,0.45
Dissension,Magewright's Stone,FALSE,0.58,0.40,robledotiedra,3,0.54,0.45
Mercadian Masques,Coastal Piracy,FALSE,1.60,1.40,Tezzeret84,1,0.20,0.14
Mercadian Masques,Coastal Piracy,FALSE,1.60,1.29,Venturamagic,1,0.31,0.24
Mercadian Masques,Puppet's Verdict,TRUE,3.97,3.59,Hobby-Games,2,0.76,0.11
Mercadian Masques,Puppet's Verdict,FALSE,1.12,0.91,magicpryce,16,3.36,0.23
Duel Decks: Garruk vs. Liliana,Nature's Lore,FALSE,1.20,0.98,FOX-Hound,4,0.88,0.22
Duel Decks: Garruk vs. Liliana,Nature's Lore,FALSE,1.20,0.95,cancionnocturna,2,0.50,0.26
Duel Decks: Mind vs. Might,Empty the Warrens,FALSE,0.22,0.20,NICETOPDECK,17,0.34,0.10
Duel Decks: Mind vs. Might,Increasing Savagery,FALSE,0.32,0.24,NICETOPDECK,17,1.36,0.33
Duel Decks: Mind vs. Might,Increasing Savagery,FALSE,0.32,0.23,Mazvigosl,8,0.72,0.39
Duel Decks: Mind vs. Might,Coat of Arms,FALSE,4.01,3.61,mulligan-a3,8,3.20,0.11
Duel Decks: Mind vs. Might,Coat of Arms,FALSE,4.01,3.61,WizardshopCz,12,4.80,0.11
Duel Decks: Mind vs. Might,Coat of Arms,FALSE,4.01,3.41,Lordburka,4,2.40,0.18
Duel Decks: Mind vs. Might,Coat of Arms,FALSE,4.01,3.65,tanjas,4,1.44,0.10
Duel Decks: Mind vs. Might,Coat of Arms,FALSE,4.01,3.64,TheTabernacle,4,1.48,0.10
Duel Decks: Mind vs. Might,Coat of Arms,FALSE,4.01,3.08,AvalonBurgos,4,3.72,0.30
Duel Decks: Mind vs. Might,Coat of Arms,FALSE,4.01,3.07,AvalonBurgos,4,3.76,0.31
Duel Decks: Jace vs. Chandra,Counterspell,FALSE,2.01,1.80,Achchazu,2,0.42,0.12
Duel Decks: Jace vs. Chandra,Counterspell,FALSE,2.01,1.69,hael22,2,0.64,0.19
Eighth Edition,Savannah Lions,TRUE,4.81,4.13,Txarli69,4,2.72,0.16
Eighth Edition,Coastal Piracy,FALSE,2.17,1.55,caradog,1,0.62,0.40
Eighth Edition,Evacuation,FALSE,1.00,0.80,mattsagace,4,0.80,0.25
Eighth Edition,Thieves' Auction,FALSE,0.92,0.49,DarkCristal,3,1.29,0.88
Eighth Edition,Thieves' Auction,FALSE,0.92,0.79,komet,2,0.26,0.16
Ravnica: City of Guilds,Blazing Archon,TRUE,3.21,2.90,AsgardBCN,1,0.31,0.11
Ravnica: City of Guilds,Suppression Field,TRUE,3.97,2.90,JANENTOMB,1,1.07,0.37
Ravnica: City of Guilds,Suppression Field,TRUE,3.97,2.40,acechador,1,1.57,0.65
Ravnica: City of Guilds,Suppression Field,TRUE,3.97,2.40,bogesito,1,1.57,0.65
Ravnica: City of Guilds,Golgari Thug,FALSE,2.21,1.83,maerlin,4,1.52,0.21
Ravnica: City of Guilds,Golgari Grave-Troll,FALSE,1.20,0.95,maerlin,4,1.00,0.26
Return to Ravnica,Grave Betrayal,FALSE,0.48,0.43,BCN-CARDS,4,0.20,0.12
Return to Ravnica,Necropolis Regent,FALSE,2.41,2.15,Peavey,1,0.26,0.12
Return to Ravnica,Vandalblast,FALSE,0.92,0.58,POOL4YOU,4,1.36,0.59
Return to Ravnica,Vandalblast,FALSE,0.92,0.60,Lisymachus1986,3,0.96,0.53
Return to Ravnica,Vandalblast,FALSE,0.92,0.83,factorx,3,0.27,0.11
Return to Ravnica,Vandalblast,FALSE,0.92,0.75,abel89,2,0.34,0.23
Return to Ravnica,Vandalblast,FALSE,0.92,0.60,The-Dark-2009,4,1.28,0.53
Return to Ravnica,Vandalblast,FALSE,0.92,0.76,Kenzoo,3,0.48,0.21
Return to Ravnica,Vandalblast,FALSE,0.92,0.62,ARMAGEDDON-AVEIRO,4,1.20,0.48
Rise of the Eldrazi,World at War,FALSE,0.80,0.73,TopdeckPamplona,4,0.28,0.10
Rise of the Eldrazi,Vengevine,TRUE,24.07,20.85,JaceBeleren79,1,3.22,0.15
Saviors of Kamigawa,Celestial Kirin,TRUE,3.21,2.29,MIKeBERTO,1,0.92,0.40
Scars of Mirrodin,True Conviction,FALSE,1.12,0.92,nikobro,4,0.80,0.22
Scars of Mirrodin,Grafted Exoskeleton,TRUE,3.97,1.40,Buluc,1,2.57,1.84
Scars of Mirrodin,Venser's Journal,FALSE,1.60,1.43,PureValue,8,1.36,0.12
Scourge,Lethal Vapors,TRUE,3.09,2.70,jesusfreak,1,0.39,0.14
Scourge,Lethal Vapors,TRUE,3.09,2.45,MagicLady1980,1,0.64,0.26
Scourge,Vengeful Dead,TRUE,1.12,0.56,Yrkoon,5,2.80,1.00
Scourge,Grip of Chaos,FALSE,1.04,0.90,ruthless,3,0.42,0.16
Scourge,Grip of Chaos,FALSE,1.04,0.73,JupiterCentral,4,1.24,0.42
Scourge,Grip of Chaos,FALSE,1.04,0.89,Schaffel,3,0.45,0.17
Scourge,Grip of Chaos,FALSE,1.04,0.77,latiendecita,2,0.54,0.35
Scourge,Grip of Chaos,FALSE,1.04,0.90,MagicHamburg,2,0.28,0.16
Scourge,Grip of Chaos,FALSE,1.04,0.48,Goblin-Koenig,8,4.48,1.17
Scourge,Sliver Overlord,TRUE,24.07,20.90,vash,1,3.17,0.15
Scourge,Sliver Overlord,TRUE,24.07,21.19,Trev,1,2.88,0.14
Shadowmoor,Cursecatcher,FALSE,5.62,4.73,MagicHumanes,4,3.56,0.19
Shadowmoor,Cursecatcher,FALSE,5.62,4.83,MacGyver,4,3.16,0.16
Shadowmoor,Cursecatcher,FALSE,5.62,4.80,bernd1083,4,3.28,0.17
Shadowmoor,Wound Reflection,FALSE,4.41,3.93,silviovitali,3,1.44,0.12
Shadowmoor,Corrosive Mentor,FALSE,0.76,0.55,guilhermeapoliveira,16,3.36,0.38
Shadowmoor,Corrosive Mentor,FALSE,0.76,0.46,Rhazor,3,0.90,0.65
Shadowmoor,Polluted Bonds,FALSE,3.21,2.82,el-diablo,4,1.56,0.14
Shadowmoor,Flourishing Defenses,FALSE,0.42,0.36,guilhermeapoliveira,14,0.84,0.17
Shadowmoor,Rosheen Meanderer,TRUE,4.01,2.90,Darksteel77,1,1.11,0.38
Shadowmoor,"Oona, Queen of the Fae",TRUE,7.22,6.40,akross,1,0.82,0.13
Shadowmoor,Lockjaw Snapper,TRUE,1.27,1.14,Bazaarofmagic,3,0.39,0.11
Shadowmoor,Lockjaw Snapper,TRUE,1.27,1.14,Draag,1,0.13,0.11
Shadowmoor,Lockjaw Snapper,TRUE,1.27,1.15,CounterTop,1,0.12,0.10
Shadowmoor,Reaper King,FALSE,3.21,2.73,willybizarre,4,1.92,0.18
Shadowmoor,Reaper King,FALSE,3.21,2.82,CardsMania,4,1.56,0.14
Shadowmoor,Reaper King,FALSE,3.21,2.42,Magicjunkie,4,3.16,0.33
Shadowmoor,Reaper King,FALSE,3.21,2.89,ANUBEMAXICA,1,0.32,0.11
Shadowmoor,Reaper King,FALSE,3.21,2.90,LSMSC,1,0.31,0.11
Shadowmoor,Wooded Bastion,FALSE,7.62,4.85,AvEMaiSTeR,1,2.77,0.57
Shadows over Innistrad,Open the Armory,TRUE,1.12,0.60,Tetravus,4,2.08,0.87
Shards of Alara,"Elspeth, Knight-Errant",FALSE,9.03,7.90,JBlade,1,1.13,0.14
Tenth Edition,Aura of Silence,TRUE,8.18,6.68,Freediver,1,1.50,0.22
Tenth Edition,Aura of Silence,TRUE,8.18,6.69,Vasquez21,1,1.49,0.22
Tenth Edition,Aura of Silence,TRUE,8.18,6.44,vilik,1,1.74,0.27
Tenth Edition,Aura of Silence,TRUE,8.18,5.53,duparcqG,1,2.65,0.48
Tenth Edition,Holy Day,TRUE,2.65,2.01,stef70,1,0.64,0.32
Tenth Edition,Traumatize,FALSE,1.40,1.16,tbroeke,4,0.96,0.21
Tenth Edition,Relentless Rats,FALSE,1.20,0.85,martitaMTG,2,0.70,0.41
Tenth Edition,Abundance,TRUE,19.26,17.10,HuberK,1,2.16,0.13
Tenth Edition,Elvish Champion,FALSE,5.86,5.10,heyblink,1,0.76,0.15
Tenth Edition,Legacy Weapon,FALSE,1.28,1.05,pacofaco,2,0.46,0.22
Tenth Edition,Legacy Weapon,FALSE,1.28,0.92,corsaire59,4,1.44,0.39
Tenth Edition,Faerie Conclave,TRUE,3.21,2.75,MfosasG,1,0.46,0.17
Tenth Edition,Faerie Conclave,TRUE,3.21,2.90,MadCat,1,0.31,0.11
Tenth Edition,Doubling Cube,FALSE,7.22,6.45,L4ragorn,1,0.77,0.12
Tenth Edition,Sulfurous Springs,FALSE,3.61,2.73,Midgar,4,3.52,0.32
Tenth Edition,Treetop Village,TRUE,2.81,2.46,Enema69,3,1.05,0.14
Tenth Edition,Treetop Village,TRUE,2.81,1.73,Ivan123,4,4.32,0.62
Tenth Edition,Treetop Village,TRUE,2.81,1.65,webgunz,2,2.32,0.70
Tenth Edition,Underground River,FALSE,3.77,3.30,Icarusjocs-BCN,3,1.41,0.14
Tenth Edition,Underground River,FALSE,3.77,3.20,latiendecita,2,1.14,0.18
Tenth Edition,Underground River,FALSE,3.77,2.90,martitaMTG,1,0.87,0.30
Tenth Edition,Underground River,FALSE,3.77,3.40,Navis,1,0.37,0.11
Tenth Edition,Underground River,FALSE,3.77,2.80,Eventwin13,1,0.97,0.35
Theros,Burnished Hart,FALSE,0.24,0.16,Amanecershop,8,0.64,0.50
Time Spiral,Call to the Netherworld,TRUE,1.44,1.15,sorro27,1,0.29,0.25
Time Spiral,Call to the Netherworld,TRUE,1.44,1.15,sorro27,1,0.29,0.25
Time Spiral,Call to the Netherworld,TRUE,1.44,1.15,sorro27,1,0.29,0.25
Time Spiral,Call to the Netherworld,TRUE,1.44,1.15,sorro27,1,0.29,0.25
Time Spiral,Flagstones of Trokair,FALSE,8.02,7.30,matteo-celozzi,1,0.72,0.10
Time Spiral,Flagstones of Trokair,FALSE,8.02,7.30,matteo-celozzi,1,0.72,0.10
Time Spiral,Flagstones of Trokair,FALSE,8.02,7.30,matteo-celozzi,1,0.72,0.10
Time Spiral,Flagstones of Trokair,FALSE,8.02,7.30,matteo-celozzi,1,0.72,0.10
Time Spiral,Pulmonic Sliver,FALSE,2.01,1.68,MitgliedAndyWaesche,3,0.99,0.20
Time Spiral,Pulmonic Sliver,FALSE,2.01,1.82,Arch-Mii,2,0.38,0.10
Time Spiral,Pulmonic Sliver,FALSE,2.01,1.68,MitgliedAndyWaesche,3,0.99,0.20
Time Spiral,Pulmonic Sliver,FALSE,2.01,1.82,Arch-Mii,2,0.38,0.10
Time Spiral,Pulmonic Sliver,FALSE,2.01,1.82,Arch-Mii,2,0.38,0.10
Time Spiral,Pulmonic Sliver,FALSE,2.01,1.68,MitgliedAndyWaesche,3,0.99,0.20
Time Spiral,Pulmonic Sliver,FALSE,2.01,1.82,Arch-Mii,2,0.38,0.10
Time Spiral,Pulmonic Sliver,FALSE,2.01,1.68,MitgliedAndyWaesche,3,0.99,0.20
Time Spiral,Demonic Collusion,FALSE,0.64,0.41,robledotiedra,7,1.61,0.56
Time Spiral,Demonic Collusion,FALSE,0.64,0.39,Onuba,7,1.75,0.64
Time Spiral,Demonic Collusion,FALSE,0.64,0.57,BaroneDiSengir,4,0.28,0.12
Time Spiral,Demonic Collusion,FALSE,0.64,0.41,robledotiedra,7,1.61,0.56
Time Spiral,Demonic Collusion,FALSE,0.64,0.39,Onuba,7,1.75,0.64
Time Spiral,Demonic Collusion,FALSE,0.64,0.57,BaroneDiSengir,4,0.28,0.12
Time Spiral,Demonic Collusion,FALSE,0.64,0.57,BaroneDiSengir,4,0.28,0.12
Time Spiral,Demonic Collusion,FALSE,0.64,0.39,Onuba,7,1.75,0.64
Time Spiral,Demonic Collusion,FALSE,0.64,0.41,robledotiedra,7,1.61,0.56
Time Spiral,Demonic Collusion,FALSE,0.64,0.57,BaroneDiSengir,4,0.28,0.12
Time Spiral,Demonic Collusion,FALSE,0.64,0.39,Onuba,7,1.75,0.64
Time Spiral,Demonic Collusion,FALSE,0.64,0.41,robledotiedra,7,1.61,0.56
Time Spiral,Kher Keep,TRUE,5.30,4.70,caradog,1,0.60,0.13
Time Spiral,Kher Keep,TRUE,5.30,3.90,achilles,1,1.40,0.36
Time Spiral,Kher Keep,TRUE,5.30,4.70,caradog,1,0.60,0.13
Time Spiral,Kher Keep,TRUE,5.30,3.90,achilles,1,1.40,0.36
Time Spiral,Kher Keep,TRUE,5.30,3.90,achilles,1,1.40,0.36
Time Spiral,Kher Keep,TRUE,5.30,4.70,caradog,1,0.60,0.13
Time Spiral,Kher Keep,TRUE,5.30,3.90,achilles,1,1.40,0.36
Time Spiral,Kher Keep,TRUE,5.30,4.70,caradog,1,0.60,0.13
Time Spiral,Gauntlet of Power,FALSE,8.02,6.32,magictime-it,4,6.80,0.27
Time Spiral,Gauntlet of Power,FALSE,8.02,6.32,magictime-it,4,6.80,0.27
Time Spiral,Gauntlet of Power,FALSE,8.02,6.32,magictime-it,4,6.80,0.27
Time Spiral,Gauntlet of Power,FALSE,8.02,6.32,magictime-it,4,6.80,0.27
Time Spiral,Dread Return,FALSE,0.42,0.35,Idunecromago,6,0.42,0.20
Time Spiral,Dread Return,FALSE,0.42,0.35,ikerlabarga,4,0.28,0.20
Time Spiral,Dread Return,FALSE,0.42,0.35,Idunecromago,6,0.42,0.20
Time Spiral,Dread Return,FALSE,0.42,0.35,ikerlabarga,4,0.28,0.20
Time Spiral,Dread Return,FALSE,0.42,0.35,ikerlabarga,4,0.28,0.20
Time Spiral,Dread Return,FALSE,0.42,0.35,Idunecromago,6,0.42,0.20
Time Spiral,Dread Return,FALSE,0.42,0.35,ikerlabarga,4,0.28,0.20
Time Spiral,Dread Return,FALSE,0.42,0.35,Idunecromago,6,0.42,0.20
Time Spiral,Sedge Sliver,FALSE,5.13,4.39,gogtempest,2,1.48,0.17
Time Spiral,Sedge Sliver,FALSE,5.13,4.57,Lateralis,2,1.12,0.12
Time Spiral,Sedge Sliver,FALSE,5.13,4.43,silviovitali,3,2.10,0.16
Time Spiral,Sedge Sliver,FALSE,5.13,4.39,gogtempest,2,1.48,0.17
Time Spiral,Sedge Sliver,FALSE,5.13,4.57,Lateralis,2,1.12,0.12
Time Spiral,Sedge Sliver,FALSE,5.13,4.43,silviovitali,3,2.10,0.16
Time Spiral,Sedge Sliver,FALSE,5.13,4.43,silviovitali,3,2.10,0.16
Time Spiral,Sedge Sliver,FALSE,5.13,4.57,Lateralis,2,1.12,0.12
Time Spiral,Sedge Sliver,FALSE,5.13,4.39,gogtempest,2,1.48,0.17
Time Spiral,Sedge Sliver,FALSE,5.13,4.43,silviovitali,3,2.10,0.16
Time Spiral,Sedge Sliver,FALSE,5.13,4.57,Lateralis,2,1.12,0.12
Time Spiral,Sedge Sliver,FALSE,5.13,4.39,gogtempest,2,1.48,0.17
Torment,Radiate,FALSE,0.72,0.63,latiendecita,4,0.36,0.14
Torment,Radiate,FALSE,0.72,0.65,Brancks,3,0.21,0.11
Torment,Tainted Field,TRUE,3.61,2.95,hydras7heads,2,1.32,0.22
Torment,Tainted Isle,TRUE,4.01,3.65,hydras7heads,1,0.36,0.10
Torment,Tainted Peak,FALSE,0.80,0.73,niotheripper,7,0.49,0.10
Unhinged,AWOL,TRUE,0.84,0.72,corsaire59,2,0.24,0.17
Unhinged,Frankie Peanuts,FALSE,0.80,0.65,TURAHA,4,0.60,0.23
Unhinged,Frankie Peanuts,FALSE,0.80,0.68,DABATCHAZ,3,0.36,0.18
Unhinged,Cheatyface,FALSE,1.60,0.92,lucas56,10,6.80,0.74
Unhinged,Cheatyface,FALSE,1.60,0.98,donniedarko,3,1.86,0.63
Unhinged,Cheatyface,FALSE,1.60,1.30,AsgardBCN,1,0.30,0.23
Unhinged,Cheatyface,FALSE,1.60,1.25,kreaten,1,0.35,0.28
Unhinged,Blast from the Past,FALSE,1.04,0.92,Devian-Magic-Cards,5,0.60,0.13
Unhinged,Mox Lotus,FALSE,5.13,4.40,FOX-Hound,1,0.73,0.17
Unhinged,Forest,FALSE,5.21,4.40,shat16,1,0.81,0.18
Urza's Legacy,Phyrexian Reclamation,FALSE,1.00,0.68,OutpostBrussels,8,2.56,0.47
Urza's Legacy,Phyrexian Reclamation,FALSE,1.00,0.86,GameForce,4,0.56,0.16
Urza's Legacy,Phyrexian Reclamation,FALSE,1.00,0.83,dragonlordgames,3,0.51,0.20
Urza's Legacy,Phyrexian Reclamation,FALSE,1.00,0.73,marens1234,4,1.08,0.37
Urza's Legacy,Phyrexian Reclamation,FALSE,1.00,0.71,SkillVantage,5,1.45,0.41
Urza's Legacy,Phyrexian Reclamation,FALSE,1.00,0.82,SpellVault,7,1.26,0.22
Urza's Legacy,Phyrexian Reclamation,FALSE,1.00,0.85,robneme,2,0.30,0.18
Urza's Legacy,Phyrexian Reclamation,FALSE,1.00,0.72,mccaldas,5,1.40,0.39
Urza's Legacy,Phyrexian Reclamation,FALSE,1.00,0.83,LaBiRiNtO,8,1.36,0.20
Urza's Legacy,Phyrexian Reclamation,FALSE,1.00,0.87,Jordy,3,0.39,0.15
Urza's Legacy,Phyrexian Reclamation,FALSE,1.00,0.77,EternalEagle,3,0.69,0.30
Urza's Legacy,Phyrexian Reclamation,FALSE,1.00,0.89,Jay129,2,0.22,0.12
Urza's Legacy,Phyrexian Reclamation,FALSE,1.00,0.69,jester,3,0.93,0.45
Urza's Legacy,Phyrexian Reclamation,FALSE,1.00,0.88,xlelez,6,0.72,0.14
Urza's Legacy,Phyrexian Reclamation,FALSE,1.00,0.79,dragonflynl,3,0.63,0.27
Urza's Legacy,Phyrexian Reclamation,FALSE,1.00,0.88,giogio85,2,0.24,0.14
Urza's Legacy,Phyrexian Reclamation,FALSE,1.00,0.65,vidad36,2,0.70,0.54
Urza's Legacy,Phyrexian Reclamation,FALSE,1.00,0.80,Cabot,2,0.40,0.25
Urza's Legacy,Phyrexian Reclamation,FALSE,1.00,0.73,aderitoantonio,3,0.81,0.37
Urza's Legacy,Phyrexian Reclamation,FALSE,1.00,0.90,Keepa,2,0.20,0.11
Urza's Legacy,Phyrexian Reclamation,FALSE,1.00,0.52,andrecruz14,4,1.92,0.92
Urza's Legacy,Phyrexian Reclamation,FALSE,1.00,0.71,ochlam,2,0.58,0.41
Urza's Legacy,Phyrexian Reclamation,FALSE,1.00,0.40,Kissmaiass,3,1.80,1.50
Urza's Legacy,Crawlspace,FALSE,2.61,2.29,josejoaojaneiro,2,0.64,0.14
Urza's Legacy,Crawlspace,FALSE,2.61,2.10,sesmero,1,0.51,0.24
Worldwake,"Thada Adel, Acquisitor",FALSE,0.64,0.57,sangarnoelia,7,0.49,0.12
Zendikar,Mindbreak Trap,FALSE,5.13,4.68,hannilein,4,1.80,0.10
Zendikar,Mindbreak Trap,FALSE,5.13,4.48,danielito,4,2.60,0.15
Zendikar,Mindbreak Trap,FALSE,5.13,4.45,MagicHumanes,2,1.36,0.15
Zendikar,Mindbreak Trap,FALSE,5.13,4.45,EVOCR,2,1.36,0.15
Zendikar,Mindbreak Trap,FALSE,5.13,4.58,Freediver,2,1.10,0.12
Zendikar,Mindbreak Trap,FALSE,5.13,4.40,hardhead,2,1.46,0.17
Zendikar,Mindbreak Trap,FALSE,5.13,4.40,Tornillu,1,0.73,0.17
Zendikar,Mindbreak Trap,FALSE,5.13,4.40,TOLARIA,1,0.73,0.17
Zendikar,Ondu Cleric,TRUE,1.44,1.11,Mtgspot,3,0.99,0.30
Zendikar,Bloodchief Ascension,TRUE,6.74,5.80,rataflip,3,2.82,0.16
Zendikar,Obsidian Fireheart,TRUE,2.81,2.40,banfiz,1,0.41,0.17
Tempest,Propaganda,FALSE,2.21,1.98,edumoldon,4,0.92,0.12
Tempest,Sapphire Medallion,FALSE,3.61,3.19,akarix,2,0.84,0.13
Urza's Saga,Back to Basics,FALSE,14.04,12.23,DoctorRecio,4,7.24,0.15
Urza's Saga,Oppression,FALSE,1.04,0.93,pendelhaven75,6,0.66,0.12
