card;used in;Inside Out Combo;Flicker Combo;Blitz Combo;Affinity;Tron;Elves;Stompy;Bogles;Slivers;Tortured Existence;Burn;Delver;Ninja Aggro;Reanimator;UB Control;Boros;RW Tokens;MBC;Orzhov Control;MWA;Goblins
Abundant Growth;1;0;0;0;0;0;0;0;100%;0;0;0;0;0;0;0;0;0;0;0;0;0
Accumulated Knowledge;2;0;0;0;0;0;0;0;0;0;0;0;1%;0;0;8%;0;0;0;0;0;0
Agony Warp;3;0;0;0;0;0;0;0;0;0;0;0;1%;0;100%;5%;0;0;0;0;0;0
Alchemist's Vial;1;0;0;0;0;0;0;0;0;0;0;0;0;0;0;0;86%;0;0;0;0;0
Ambush Viper;1;0;0;0;0;0;0;0;0;0;50%;0;0;0;0;0;0;0;0;0;0;0
Ancestral Mask;1;0;0;0;0;0;0;0;100%;0;0;0;0;0;0;0;0;0;0;0;0;0
Ancient Den;2;0;0;0;33%;0;0;0;0;0;0;0;0;0;0;0;100%;0;0;0;0;0
Ancient Stirrings;1;0;0;0;0;8%;0;0;0;0;0;0;0;0;0;0;0;0;0;0;0;0
Angelic Renewal;1;0;0;0;0;0;0;0;0;0;0;0;0;0;0;0;0;0;0;18%;0;0
Anointer Priest;1;0;0;0;0;0;0;0;0;0;0;0;1%;0;0;0;0;0;0;0;0;0
Apostle's Blessing;2;12%;0;96%;0;0;0;0;0;0;0;0;0;0;0;0;0;0;0;0;0;0
Arashin Cleric;1;0;0;0;0;0;0;0;0;0;0;0;0;0;0;0;0;0;0;27%;0;0
Arc Lightning;1;0;0;0;0;0;0;0;0;0;0;3%;0;0;0;0;0;0;0;0;0;0
Archaeomancer;2;0;0;0;0;0;0;0;0;0;0;0;0;33%;0;41%;0;0;0;0;0;0
Ardent Recruit;1;0;0;0;2%;0;0;0;0;0;0;0;0;0;0;0;0;0;0;0;0;0
Armadillo Cloak;2;0;0;0;0;0;0;0;100%;33%;0;0;0;0;0;0;0;0;0;0;0;0
Artful Dodge;1;0;0;27%;0;0;0;0;0;0;0;0;0;0;0;0;0;0;0;0;0;0
Ash Barrens;11;100%;100%;54%;0;0;0;0;9%;33%;50%;0;52%;33%;0;3%;20%;0;0;91%;0;0
Atog;1;0;0;0;98%;0;0;0;0;0;0;0;0;0;0;0;0;0;0;0;0;0
Augur of Bolas;6;88%;0;92%;0;0;0;0;0;0;0;0;80%;67%;100%;56%;0;0;0;0;0;0
Aura Gnarlid;1;0;0;0;0;0;0;0;66%;0;0;0;0;0;0;0;0;0;0;0;0;0
Auramancer;1;0;0;0;0;0;0;0;0;0;0;0;0;0;0;0;0;0;0;9%;0;0
Auriok Sunchaser;1;0;0;0;2%;0;0;0;0;0;0;0;0;0;0;0;0;0;0;0;0;0
Avacyn's Pilgrim;1;0;0;0;0;0;0;0;9%;0;0;0;0;0;0;0;0;0;0;0;0;0
Aven Riftwatcher;1;0;0;0;0;0;0;0;0;0;0;0;0;0;0;0;0;0;0;64%;0;0
Azorius Chancery;3;0;100%;0;0;0;0;0;0;0;0;0;1%;0;0;0;2%;0;0;0;0;0
Azorius Signet;1;0;0;0;0;2%;0;0;0;0;0;0;0;0;0;0;0;0;0;0;0;0
Barren Moor;4;0;0;0;0;0;0;0;0;0;0;0;1%;0;0;44%;0;0;100%;9%;0;0
Basking Rootwalla;1;0;0;0;0;0;0;3%;0;0;0;0;0;0;0;0;0;0;0;0;0;0
Battle Screech;4;0;0;0;0;0;0;0;0;0;0;0;1%;0;0;0;86%;100%;0;0;67%;0
Benevolent Bodyguard;1;0;0;0;0;0;0;0;0;0;0;0;0;0;0;0;0;0;0;0;67%;0
Birchlore Rangers;1;0;0;0;0;0;100%;0;0;0;0;0;0;0;0;0;0;0;0;0;0;0
Blastoderm;1;0;0;0;0;0;0;0;0;0;50%;0;0;0;0;0;0;0;0;0;0;0
Blazing Volley;1;0;0;0;0;0;0;0;0;0;0;3%;0;0;0;0;0;0;0;0;0;0
Bloodfell Caves;1;0;0;0;0;0;0;0;0;0;50%;0;0;0;0;0;0;0;0;0;0;0
Bloodmad Vampire;1;0;0;0;0;0;0;0;0;0;50%;0;0;0;0;0;0;0;0;0;0;0
Blossoming Sands;2;0;0;0;0;0;0;0;94%;83%;0;0;0;0;0;0;0;0;0;0;0;0
Bojuka Bog;7;0;0;0;0;32%;0;0;0;0;0;0;1%;0;100%;59%;5%;0;79%;100%;0;0
Bonesplitter;3;0;0;0;0;0;0;23%;0;0;0;0;18%;0;0;0;0;0;0;0;100%;0
Boros Garrison;2;0;0;0;0;0;0;0;0;0;0;0;0;0;0;0;100%;0;0;0;67%;0
Brainstorm;5;92%;40%;85%;0;0;0;0;0;0;0;0;69%;0;0;3%;0;0;0;0;0;0
Burning-Tree Emissary;2;0;0;0;0;0;0;97%;0;0;0;0;0;0;0;0;0;0;0;0;0;33%
Burst Lightning;2;0;0;0;0;2%;0;0;0;0;0;9%;0;0;0;0;0;0;0;0;0;0
Capsize;2;0;0;0;0;35%;0;0;0;0;0;0;0;0;0;5%;0;0;0;0;0;0
Carapace Forger;1;0;0;0;100%;0;0;0;0;0;0;0;0;0;0;0;0;0;0;0;0;0
Cartouche of Ambition;2;0;0;0;0;0;0;0;0;0;0;0;0;0;0;0;0;0;14%;9%;0;0
Cartouche of Solidarity;1;0;0;0;0;0;0;0;88%;0;0;0;0;0;0;0;0;0;0;0;0;0
Cartouche of Strength;1;0;0;0;0;0;0;0;78%;0;0;0;0;0;0;0;0;0;0;0;0;0
Celestial Flare;1;0;0;0;0;0;0;0;0;0;0;0;0;0;0;0;2%;0;0;0;0;0
Cenn's Enlistment;1;0;0;0;0;0;0;0;0;0;0;0;0;0;0;0;44%;0;0;0;0;0
Chain Lightning;1;0;0;0;0;0;0;0;0;0;0;100%;0;0;0;0;0;0;0;0;0;0
Chainer's Edict;6;0;0;0;0;3%;0;0;0;0;0;0;2%;0;100%;100%;0;0;100%;82%;0;0
Chittering Rats;2;0;0;0;0;0;0;0;0;0;0;0;0;0;0;41%;0;0;100%;0;0;0
Chromatic Sphere;2;0;0;0;2%;8%;0;0;0;0;0;0;0;0;0;0;0;0;0;0;0;0
Chromatic Star;2;0;0;0;100%;10%;0;0;0;0;0;0;0;0;0;0;0;0;0;0;0;0
Circular Logic;1;100%;0;0;0;0;0;0;0;0;0;0;0;0;0;0;0;0;0;0;0;0
Coiling Oracle;1;0;0;0;0;0;3%;0;0;0;0;0;0;0;0;0;0;0;0;0;0;0
Commune with Nature;2;0;0;0;0;0;3%;0;0;50%;0;0;0;0;0;0;0;0;0;0;0;0
Commune with the Gods;2;0;0;0;0;0;0;0;6%;0;50%;0;0;0;0;0;0;0;0;0;0;0
Complete Disregard;1;0;0;0;0;0;0;0;0;0;0;0;0;0;0;3%;0;0;0;0;0;0
Compulsive Research;3;0;100%;12%;0;16%;0;0;0;0;0;0;0;0;0;0;0;0;0;0;0;0
Condescend;1;0;0;0;0;79%;0;0;0;0;0;0;0;0;0;0;0;0;0;0;0;0
Corrupt;1;0;0;0;0;0;0;0;0;0;0;0;0;0;0;0;0;0;7%;0;0;0
Counterspell;5;0;0;0;0;2%;0;0;0;0;0;0;96%;100%;100%;100%;0;0;0;0;0;0
Crop Rotation;1;0;0;0;0;56%;0;0;0;0;0;0;0;0;0;0;0;0;0;0;0;0
Crumbling Vestige;2;0;0;0;0;0;0;0;3%;17%;0;0;0;0;0;0;0;0;0;0;0;0
Crypt Incursion;1;0;0;0;0;0;0;0;0;0;0;0;0;0;0;3%;0;0;0;0;0;0
Crypt Rats;3;0;0;0;0;0;0;0;0;0;100%;0;0;0;0;0;0;0;71%;73%;0;0
Cuombajj Witches;1;0;0;0;0;0;0;0;0;0;0;0;0;0;0;0;0;0;93%;0;0;0
Curse of the Bloody Tome;1;0;0;0;0;0;0;0;0;0;0;0;0;0;0;5%;0;0;0;0;0;0
Curse of the Pierced Heart;1;0;0;0;0;0;0;0;0;0;0;89%;0;0;0;0;0;0;0;0;0;0
Custodi Squire;1;0;0;0;0;0;0;0;0;0;0;0;0;0;0;0;0;0;0;18%;0;0
Darksteel Citadel;1;0;0;0;98%;0;0;0;0;0;0;0;0;0;0;0;0;0;0;0;0;0
Daze;3;25%;0;42%;0;0;0;0;0;0;0;0;51%;0;0;0;0;0;0;0;0;0
Dead Weight;3;0;0;0;0;0;0;0;0;0;0;0;0;0;0;36%;0;0;36%;9%;0;0
Death Spark;1;0;0;0;0;0;0;0;0;0;0;0;0;0;0;0;0;0;0;0;0;67%
Deep Analysis;3;0;0;8%;0;0;0;0;0;0;0;0;2%;0;0;8%;0;0;0;0;0;0
Delver of Secrets;2;0;0;15%;0;0;0;0;0;0;0;0;100%;0;0;0;0;0;0;0;0;0
Deprive;3;0;0;0;0;0;0;0;0;0;0;0;14%;67%;0;13%;0;0;0;0;0;0
Devour Flesh;1;0;0;0;0;0;0;0;0;0;0;0;0;0;0;3%;0;0;0;0;0;0
Diabolic Edict;1;0;0;0;0;0;0;0;0;0;0;0;0;0;0;3%;0;0;0;0;0;0
Dimir Aqueduct;5;0;60%;0;0;0;0;0;0;0;0;0;1%;0;100%;100%;0;0;7%;0;0;0
Dimir Cluestone;1;0;0;0;0;2%;0;0;0;0;0;0;0;0;0;0;0;0;0;0;0;0
Dimir Guildgate;1;0;0;0;0;0;0;0;0;0;0;0;0;0;0;3%;0;0;0;0;0;0
Dimir Signet;1;0;0;0;0;16%;0;0;0;0;0;0;0;0;0;0;0;0;0;0;0;0
Dinrova Horror;2;0;40%;0;0;52%;0;0;0;0;0;0;0;0;0;0;0;0;0;0;0;0
Disciple of the Vault;1;0;0;0;2%;0;0;0;0;0;0;0;0;0;0;0;0;0;0;0;0;0
Disfigure;5;0;0;0;0;0;0;0;0;0;0;0;2%;0;100%;97%;0;0;86%;91%;0;0
Dismal Backwater;4;0;0;0;0;22%;0;0;0;0;0;0;4%;0;100%;100%;0;0;0;0;0;0
Dispel;7;100%;0;35%;14%;22%;0;0;0;0;0;0;21%;67%;0;10%;0;0;0;0;0;0
Disrupt;1;4%;0;0;0;0;0;0;0;0;0;0;0;0;0;0;0;0;0;0;0;0
Dissolve;1;0;0;0;0;0;0;0;0;0;0;0;1%;0;0;0;0;0;0;0;0;0
Distant Melody;1;0;0;0;0;0;69%;0;0;0;0;0;0;0;0;0;0;0;0;0;0;0
Dizzy Spell;1;46%;0;0;0;0;0;0;0;0;0;0;0;0;0;0;0;0;0;0;0;0
Doom Blade;6;0;0;0;0;25%;0;0;0;0;0;0;2%;0;100%;97%;0;0;7%;91%;0;0
Dragon Fodder;1;0;0;0;0;0;0;0;0;0;0;0;0;0;0;0;0;100%;0;0;0;0
Duress;2;0;0;0;0;0;0;0;0;0;0;0;0;0;0;8%;0;0;7%;0;0;0
Echoing Decay;4;0;0;0;0;0;0;0;0;0;0;0;1%;0;100%;95%;0;0;7%;0;0;0
Echoing Truth;2;0;0;0;0;2%;0;0;0;0;0;0;1%;0;0;0;0;0;0;0;0;0
Electrickery;3;0;0;0;2%;33%;0;0;0;0;0;0;0;0;0;0;12%;0;0;0;0;0
Electrostatic Bolt;1;0;0;0;0;11%;0;0;0;0;0;0;0;0;0;0;0;0;0;0;0;0
Elephant Guide;1;0;0;0;0;0;0;82%;0;0;0;0;0;0;0;0;0;0;0;0;0;0
Elite Vanguard;1;0;0;0;0;0;0;0;0;0;0;0;0;0;0;0;0;0;0;0;33%;0
Elvish Branchbender;1;0;0;0;0;0;15%;0;0;0;0;0;0;0;0;0;0;0;0;0;0;0
Elvish Mystic;1;0;0;0;0;0;90%;0;0;0;0;0;0;0;0;0;0;0;0;0;0;0
Elvish Vanguard;1;0;0;0;0;0;95%;0;0;0;0;0;0;0;0;0;0;0;0;0;0;0
Elvish Visionary;1;0;0;0;0;0;38%;0;0;0;0;0;0;0;0;0;0;0;0;0;0;0
Epic Confrontation;2;0;0;0;0;0;0;11%;0;33%;0;0;0;0;0;0;0;0;0;0;0;0
Essence Scatter;3;0;0;0;0;29%;0;0;0;0;0;0;1%;0;0;3%;0;0;0;0;0;0
Essence Warden;1;0;0;0;0;0;23%;0;0;0;0;0;0;0;0;0;0;0;0;0;0;0
Ethereal Armor;1;0;0;0;0;0;0;0;100%;0;0;0;0;0;0;0;0;0;0;0;0;0
Evincar's Justice;3;0;0;0;0;2%;0;0;0;0;0;0;0;0;100%;38%;0;0;0;0;0;0
Evolving Wilds;9;75%;80%;92%;0;0;0;0;0;33%;25%;0;46%;0;100%;36%;0;0;0;36%;0;0
Exclude;4;0;0;0;0;48%;0;0;0;0;0;0;11%;33%;0;13%;0;0;0;0;0;0
Exhume;2;0;0;0;0;0;0;0;0;0;0;0;1%;0;100%;0;0;0;0;0;0;0
Expedition Map;1;0;0;0;0;97%;0;0;0;0;0;0;0;0;0;0;0;0;0;0;0;0
Faerie Macabre;1;0;0;0;0;0;0;0;0;0;50%;0;0;0;0;0;0;0;0;0;0;0
Faerie Miscreant;3;17%;0;0;0;0;0;0;0;0;0;0;94%;100%;0;0;0;0;0;0;0;0
Faithless Looting;3;0;0;4%;0;0;0;0;0;0;100%;0;0;0;0;0;3%;0;0;0;0;0
False Summoning;1;0;0;0;0;3%;0;0;0;0;0;0;0;0;0;0;0;0;0;0;0;0
Fangren Marauder;1;0;0;0;0;8%;0;0;0;0;0;0;0;0;0;0;0;0;0;0;0;0
Fierce Empath;1;0;0;0;0;5%;0;0;0;0;0;0;0;0;0;0;0;0;0;0;0;0
Fireblast;2;0;0;0;0;0;0;0;0;0;0;100%;0;0;0;0;0;0;0;0;0;67%
Firebolt;2;0;0;0;0;5%;0;0;0;0;0;0;0;0;0;0;78%;0;0;0;0;0
Firebrand Archer;1;0;0;0;0;0;0;0;0;0;0;89%;0;0;0;0;0;0;0;0;0;0
Flame Jab;1;0;0;0;0;0;0;0;0;0;0;0;0;0;0;0;2%;0;0;0;0;0
Flame Rift;1;0;0;0;0;0;0;0;0;0;0;17%;0;0;0;0;0;0;0;0;0;0
Flame Slash;6;0;40%;0;0;41%;0;0;0;0;0;0;4%;67%;0;3%;0;100%;0;0;0;0
Flayer Husk;3;0;0;0;95%;0;0;0;0;0;0;0;2%;0;0;0;2%;0;0;0;0;0
Fling;2;0;0;0;90%;0;0;0;3%;0;0;0;0;0;0;0;0;0;0;0;0;0
Font of Return;1;0;0;0;0;0;0;0;0;0;0;0;0;0;0;0;0;0;0;9%;0;0
Forbidden Alchemy;3;0;0;0;0;79%;0;0;0;0;0;0;0;0;100%;54%;0;0;0;0;0;0
Forest;6;0;0;0;0;0;100%;100%;100%;100%;50%;0;1%;0;0;0;0;0;0;0;0;0
Forgotten Cave;3;0;0;0;0;0;0;0;0;0;0;83%;0;33%;0;0;97%;0;0;0;0;0
Foundry Street Denizen;1;0;0;0;0;0;0;0;0;0;0;0;0;0;0;0;0;0;0;0;0;67%
Frog Tongue;1;0;0;0;0;0;0;0;3%;0;0;0;0;0;0;0;0;0;0;0;0;0
Frogmite;1;0;0;0;100%;0;0;0;0;0;0;0;0;0;0;0;0;0;0;0;0;0
Fume Spitter;1;0;0;0;0;0;0;0;0;0;100%;0;0;0;0;0;0;0;0;0;0;0
Fyndhorn Elves;1;0;0;0;0;0;85%;0;0;0;0;0;0;0;0;0;0;0;0;0;0;0
Galvanic Blast;2;0;0;0;100%;0;0;0;0;0;0;0;0;0;0;0;100%;0;0;0;0;0
Gather the Townsfolk;2;0;0;0;0;0;0;0;0;0;0;0;1%;0;0;0;0;0;0;0;67%;0
Gearseeker Serpent;1;0;0;0;90%;0;0;0;0;0;0;0;0;0;0;0;0;0;0;0;0;0
Gemhide Sliver;1;0;0;0;0;0;0;0;0;17%;0;0;0;0;0;0;0;0;0;0;0;0
Geth's Verdict;1;0;0;0;0;0;0;0;0;0;0;0;0;0;0;0;0;0;43%;0;0;0
Ghastly Demise;1;0;0;0;0;0;0;0;0;0;0;0;0;0;0;5%;0;0;0;0;0;0
Ghostly Flicker;4;0;100%;0;0;79%;0;0;0;0;0;0;0;33%;0;41%;0;0;0;0;0;0
Gift of Orzhova;1;0;0;0;0;0;0;0;0;0;0;0;0;0;0;0;0;0;0;64%;0;0
Gigadrowse;1;71%;0;0;0;0;0;0;0;0;0;0;0;0;0;0;0;0;0;0;0;0
Gitaxian Probe;3;83%;0;100%;0;0;0;0;0;0;0;0;5%;0;0;0;0;0;0;0;0;0
Gladecover Scout;1;0;0;0;0;0;0;0;97%;0;0;0;0;0;0;0;0;0;0;0;0;0
Glint Hawk;1;0;0;0;0;0;0;0;0;0;0;0;0;0;0;0;100%;0;0;0;0;0
Gnaw to the Bone;1;0;0;0;0;0;0;0;0;0;50%;0;0;0;0;0;0;0;0;0;0;0
Goblin Bushwhacker;1;0;0;0;0;0;0;0;0;0;0;0;0;0;0;0;0;0;0;0;0;100%
Goblin Cohort;1;0;0;0;0;0;0;0;0;0;0;0;0;0;0;0;0;0;0;0;0;100%
Goblin Fireslinger;1;0;0;0;0;0;0;0;0;0;0;6%;0;0;0;0;0;0;0;0;0;0
Goblin Heelcutter;1;0;0;0;0;0;0;0;0;0;0;0;0;0;0;0;0;0;0;0;0;33%
Goblin Sledder;1;0;0;0;0;0;0;0;0;0;0;0;0;0;0;0;0;0;0;0;0;67%
God-Pharaoh's Faithful;1;0;100%;0;0;0;0;0;0;0;0;0;0;0;0;0;0;0;0;0;0;0
Golgari Brownscale;1;0;0;0;0;0;0;0;0;0;100%;0;0;0;0;0;0;0;0;0;0;0
Golgari Rot Farm;1;0;0;0;0;0;0;0;0;0;50%;0;0;0;0;0;0;0;0;0;0;0
Grasp of the Hieromancer;1;0;0;0;0;0;0;0;6%;0;0;0;0;0;0;0;0;0;0;0;0;0
Grave Scrabbler;1;0;0;0;0;0;0;0;0;0;100%;0;0;0;0;0;0;0;0;0;0;0
Gray Merchant of Asphodel;1;0;0;0;0;0;0;0;0;0;0;0;0;0;0;0;0;0;93%;0;0;0
Great Furnace;2;0;0;0;100%;0;0;0;0;0;0;0;0;0;0;0;100%;0;0;0;0;0
Grim Harvest;3;0;0;0;0;0;0;0;0;0;50%;0;0;0;0;0;0;0;7%;27%;0;0
Groundswell;1;0;0;0;0;0;0;5%;0;0;0;0;0;0;0;0;0;0;0;0;0;0
Gruul Signet;1;0;0;0;0;2%;0;0;0;0;0;0;0;0;0;0;0;0;0;0;0;0
Guardian of the Guildpact;2;0;0;0;0;0;0;0;0;0;0;0;0;0;0;0;3%;0;0;100%;0;0
Gurmag Angler;4;0;0;0;0;0;0;0;0;0;0;0;4%;0;100%;56%;0;0;36%;0;0;0
Gush;3;100%;0;100%;0;0;0;0;0;0;0;0;95%;0;0;0;0;0;0;0;0;0
Harvest Pyre;2;0;0;0;0;2%;0;0;0;0;0;0;0;67%;0;0;0;0;0;0;0;0
Haunted Fengraf;1;0;0;0;0;44%;0;0;0;0;0;0;0;0;0;0;0;0;0;0;0;0
Heliod's Pilgrim;2;0;0;0;0;0;0;0;50%;0;0;0;0;0;0;0;0;0;0;9%;0;0
Hieroglyphic Illumination;1;0;0;0;0;2%;0;0;0;0;0;0;0;0;0;0;0;0;0;0;0;0
Hive Stirrings;1;0;0;0;0;0;0;0;0;17%;0;0;0;0;0;0;0;0;0;0;0;0
Hooting Mandrills;1;0;0;0;0;0;0;0;0;0;0;0;1%;0;0;0;0;0;0;0;0;0
Horned Sliver;1;0;0;0;0;0;0;0;0;17%;0;0;0;0;0;0;0;0;0;0;0;0
Horror of the Broken Lands;1;0;0;0;0;0;0;0;0;0;50%;0;0;0;0;0;0;0;0;0;0;0
Hunger of the Howlpack;1;0;0;0;0;0;0;100%;0;0;0;0;0;0;0;0;0;0;0;0;0;0
Hyena Umbra;1;0;0;0;0;0;0;0;3%;0;0;0;0;0;0;0;0;0;0;0;0;0
Icatian Javelineers;1;0;0;0;0;0;0;0;0;0;0;0;0;0;0;0;0;0;0;0;100%;0
Ichor Wellspring;2;0;0;0;19%;0;0;0;0;0;0;0;0;0;0;0;15%;0;0;0;0;0
Impulse;2;8%;0;0;0;44%;0;0;0;0;0;0;0;0;0;0;0;0;0;0;0;0
Incinerate;1;0;0;0;0;0;0;0;0;0;0;6%;0;0;0;0;0;0;0;0;0;0
Innocent Blood;1;0;0;0;0;0;0;0;0;0;0;0;0;0;0;5%;0;0;0;0;0;0
Inside Out;1;100%;0;0;0;0;0;0;0;0;0;0;0;0;0;0;0;0;0;0;0;0
Insolent Neonate;2;0;0;0;0;0;0;0;0;0;50%;9%;0;0;0;0;0;0;0;0;0;0
Island;10;58%;80%;81%;0;81%;64%;0;0;0;0;0;48%;67%;100%;100%;2%;0;0;0;0;0
It of the Horrid Swarm;1;0;0;0;0;2%;0;0;0;0;0;0;0;0;0;0;0;0;0;0;0;0
Izzet Boilerworks;4;0;40%;0;0;0;0;0;0;0;0;0;0;67%;0;3%;2%;0;0;0;0;0
Izzet Guildgate;2;0;0;0;0;13%;0;0;0;0;0;0;0;33%;0;0;0;0;0;0;0;0
Izzet Signet;1;0;0;0;0;6%;0;0;0;0;0;0;0;0;0;0;0;0;0;0;0;0
Jackal Familiar;1;0;0;0;0;0;0;0;0;0;0;0;0;0;0;0;0;0;0;0;0;100%
Journey to Nowhere;7;0;0;0;0;2%;0;0;0;33%;0;0;1%;0;0;0;98%;100%;0;9%;100%;0
Jungle Hollow;2;0;0;0;0;3%;0;0;0;0;50%;0;0;0;0;0;0;0;0;0;0;0
Kabira Crossroads;2;0;0;0;0;0;0;0;0;0;0;0;0;0;0;0;3%;0;0;82%;0;0
Kami of False Hope;1;0;0;0;0;0;0;0;0;0;0;0;0;0;0;0;0;0;0;27%;0;0
Karametra's Favor;1;0;0;0;0;0;0;0;3%;0;0;0;0;0;0;0;0;0;0;0;0;0
Keldon Marauders;1;0;0;0;0;0;0;0;0;0;0;31%;0;0;0;0;0;0;0;0;0;0
Khalni Garden;2;0;0;0;0;2%;0;0;78%;0;0;0;0;0;0;0;0;0;0;0;0;0
Kiln Fiend;1;0;0;100%;0;0;0;0;0;0;0;0;0;0;0;0;0;0;0;0;0;0
Kor Sanctifiers;1;0;0;0;0;0;0;0;0;0;0;0;0;0;0;0;17%;0;0;0;0;0
Kor Skyfisher;5;0;0;0;0;2%;0;0;6%;0;0;0;0;0;0;0;100%;0;0;100%;33%;0
Krenko's Command;1;0;0;0;0;0;0;0;0;0;0;0;0;0;0;0;0;100%;0;0;0;0
Krosan Tusker;1;0;0;0;0;0;0;0;0;0;50%;0;0;0;0;0;0;0;0;0;0;0
Kruphix's Insight;1;0;0;0;0;0;0;0;9%;0;0;0;0;0;0;0;0;0;0;0;0;0
Kuldotha Rebirth;1;0;0;0;0;0;0;0;0;0;0;0;0;0;0;0;17%;0;0;0;0;0
Land Grant;1;0;0;0;0;0;5%;0;0;0;0;0;0;0;0;0;0;0;0;0;0;0
Lava Spike;1;0;0;0;0;0;0;0;0;0;0;100%;0;0;0;0;0;0;0;0;0;0
Lead the Stampede;2;0;0;0;0;0;67%;0;0;33%;0;0;0;0;0;0;0;0;0;0;0;0
Lifelink;1;0;0;0;0;0;0;0;6%;0;0;0;0;0;0;0;0;0;0;0;0;0
Lightning Axe;1;0;0;0;0;16%;0;0;0;0;0;0;0;0;0;0;0;0;0;0;0;0
Lightning Bolt;10;0;40%;88%;0;17%;0;0;0;0;50%;100%;54%;67%;0;0;100%;100%;0;0;0;100%
Liliana's Specter;1;0;0;0;0;0;0;0;0;0;0;0;0;0;0;0;0;0;21%;0;0;0
Llanowar Elves;1;0;0;0;0;0;95%;0;0;0;0;0;0;0;0;0;0;0;0;0;0;0
Logic Knot;1;0;0;0;0;0;0;0;0;0;0;0;14%;0;0;0;0;0;0;0;0;0
Lone Missionary;3;0;0;0;0;2%;0;0;0;0;0;0;0;0;0;0;8%;0;0;91%;0;0
Lonely Sandbar;3;0;20%;0;0;0;0;0;0;0;0;0;0;67%;0;41%;0;0;0;0;0;0
Loyal Cathar;1;0;0;0;0;0;0;0;0;0;0;0;0;0;0;0;0;0;0;0;33%;0
Loyal Pegasus;1;0;0;0;0;0;0;0;0;0;0;0;0;0;0;0;0;0;0;0;67%;0
Lymph Sliver;1;0;0;0;0;0;0;0;0;17%;0;0;0;0;0;0;0;0;0;0;0;0
Lys Alana Huntmaster;1;0;0;0;0;0;90%;0;0;0;0;0;0;0;0;0;0;0;0;0;0;0
Madcap Skills;1;0;0;0;0;0;0;0;3%;0;0;0;0;0;0;0;0;0;0;0;0;0
Magma Jet;1;0;0;0;0;0;0;0;0;0;0;83%;0;0;0;0;0;0;0;0;0;0
Magma Spray;2;0;0;0;0;6%;0;0;0;0;0;0;1%;0;0;0;0;0;0;0;0;0
Magnify;1;0;0;0;0;0;3%;0;0;0;0;0;0;0;0;0;0;0;0;0;0;0
Mana Leak;3;0;0;0;0;5%;0;0;0;0;0;0;2%;0;0;3%;0;0;0;0;0;0
Mana Tithe;1;0;0;0;0;0;0;0;0;0;0;0;0;0;0;0;0;0;0;0;33%;0
Manamorphose;1;0;0;0;0;0;0;0;3%;0;0;0;0;0;0;0;0;0;0;0;0;0
Man-o'-War;1;0;0;0;0;2%;0;0;0;0;0;0;0;0;0;0;0;0;0;0;0;0
Martyr of Ashes;1;0;0;0;0;0;0;0;0;0;0;0;0;0;0;0;0;0;0;0;0;33%
Maul Splicer;1;0;0;0;0;2%;0;0;0;0;0;0;0;0;0;0;0;0;0;0;0;0
Mental Note;1;0;0;0;0;0;0;0;0;0;0;0;2%;0;0;0;0;0;0;0;0;0
Metallic Rebuke;1;0;0;0;57%;0;0;0;0;0;0;0;0;0;0;0;0;0;0;0;0;0
Miscalculation;1;0;0;0;0;0;0;0;0;0;0;0;1%;0;0;0;0;0;0;0;0;0
Mizzium Skin;1;0;0;0;0;0;0;0;0;0;0;0;1%;0;0;0;0;0;0;0;0;0
Mnemonic Wall;2;0;100%;0;0;90%;0;0;0;0;0;0;0;0;0;0;0;0;0;0;0;0
Mob Justice;1;0;0;0;0;0;3%;0;0;0;0;0;0;0;0;0;0;0;0;0;0;0
Mogg Conscripts;1;0;0;0;0;0;0;0;0;0;0;0;0;0;0;0;0;0;0;0;0;100%
Mogg Raider;1;0;0;0;0;0;0;0;0;0;0;0;0;0;0;0;0;0;0;0;0;67%
Mogg War Marshal;1;0;0;0;0;0;0;0;0;0;0;0;0;0;0;0;0;0;0;0;0;67%
Moment's Peace;1;0;0;0;0;76%;0;0;0;0;0;0;0;0;0;0;0;0;0;0;0;0
Monstrous Carabid;1;0;0;0;0;0;0;0;0;0;50%;0;0;0;0;0;0;0;0;0;0;0
Mortuary Mire;3;0;0;0;0;8%;0;0;0;0;0;0;0;0;0;0;20%;0;7%;0;0;0
Mountain;12;0;40%;85%;0;6%;0;0;3%;0;100%;100%;5%;33%;0;3%;54%;100%;0;0;0;100%
Mudbrawler Cohort;1;0;0;0;0;0;0;0;0;0;0;0;0;0;0;0;0;0;0;0;0;33%
Muddle the Mixture;1;0;0;0;0;2%;0;0;0;0;0;0;0;0;0;0;0;0;0;0;0;0
Mulldrifter;7;0;100%;0;0;98%;0;0;0;0;0;0;2%;100%;100%;92%;3%;0;0;0;0;0
Muscle Sliver;1;0;0;0;0;0;0;0;0;100%;0;0;0;0;0;0;0;0;0;0;0;0
Mutagenic Growth;5;0;0;96%;0;0;0;16%;0;33%;0;0;1%;0;0;0;0;0;0;0;0;33%
Myr Enforcer;1;0;0;0;100%;0;0;0;0;0;0;0;0;0;0;0;0;0;0;0;0;0
Mystical Teachings;3;0;0;0;0;86%;0;0;0;0;0;0;1%;0;0;49%;0;0;0;0;0;0
Needle Drop;1;0;0;0;0;0;0;0;0;0;0;91%;0;0;0;0;0;0;0;0;0;0
Negate;2;0;0;0;0;10%;0;0;0;0;0;0;1%;0;0;0;0;0;0;0;0;0
Nest Invader;1;0;0;0;0;0;0;97%;0;0;0;0;0;0;0;0;0;0;0;0;0;0
Nettle Sentinel;2;0;0;0;0;0;90%;93%;0;0;0;0;0;0;0;0;0;0;0;0;0;0
Night's Whisper;1;0;0;0;0;0;0;0;0;0;0;0;0;0;0;0;0;0;0;82%;0;0
Nightscape Familiar;1;0;40%;0;0;0;0;0;0;0;0;0;0;0;0;0;0;0;0;0;0;0
Nimble Mongoose;1;0;0;0;0;0;0;0;0;0;0;0;1%;0;0;0;0;0;0;0;0;0
Ninja of the Deep Hours;3;17%;0;0;0;0;0;0;0;0;0;0;82%;100%;0;0;0;0;0;0;0;0
Nivix Cyclops;1;0;0;100%;0;0;0;0;0;0;0;0;0;0;0;0;0;0;0;0;0;0
Oblivion Ring;1;0;0;0;0;0;0;0;0;0;0;0;0;0;0;0;14%;0;0;0;0;0
Oona's Grace;2;0;0;0;0;0;0;0;0;0;0;0;5%;0;0;3%;0;0;0;0;0;0
Orzhov Basilica;1;0;0;0;0;0;0;0;0;0;0;0;0;0;0;0;0;0;0;100%;0;0
Orzhov Guildgate;1;0;0;0;0;0;0;0;0;0;0;0;0;0;0;0;0;0;0;18%;0;0
Oubliette;1;0;0;0;0;0;0;0;0;0;0;0;0;0;0;0;0;0;64%;0;0;0
Painted Bluffs;1;0;0;0;0;25%;0;0;0;0;0;0;0;0;0;0;0;0;0;0;0;0
Palace Sentinels;2;0;0;0;0;0;0;0;0;0;0;0;0;0;0;0;78%;0;0;91%;0;0
Perilous Research;1;0;0;0;14%;0;0;0;0;0;0;0;0;0;0;0;0;0;0;0;0;0
Pestilence;2;0;0;0;0;0;0;0;0;0;0;0;0;0;0;0;0;0;57%;100%;0;0
Phyrexian Rager;2;0;0;0;0;0;0;0;0;0;0;0;0;0;0;0;0;0;100%;9%;0;0
Pillory of the Sleepless;1;0;0;0;0;0;0;0;0;0;0;0;0;0;0;0;0;0;0;9%;0;0
Piracy Charm;1;0;0;0;0;0;0;0;0;0;0;0;9%;0;0;0;0;0;0;0;0;0
Plains;9;62%;100%;0;0;0;0;0;91%;100%;0;0;1%;0;0;0;90%;100%;0;100%;100%;0
Plated Sliver;1;0;0;0;0;0;0;0;0;100%;0;0;0;0;0;0;0;0;0;0;0;0
Ponder;5;100%;0;100%;0;0;0;0;0;0;0;0;98%;33%;0;5%;0;0;0;0;0;0
Predatory Sliver;1;0;0;0;0;0;0;0;0;100%;0;0;0;0;0;0;0;0;0;0;0;0
Preordain;7;96%;100%;100%;0;0;0;0;0;0;0;0;86%;100%;100%;95%;0;0;0;0;0;0
Priest of Titania;1;0;0;0;0;0;95%;0;0;0;0;0;0;0;0;0;0;0;0;0;0;0
Prismatic Lens;1;0;0;0;0;19%;0;0;0;0;0;0;0;0;0;0;0;0;0;0;0;0
Prismatic Strands;3;0;0;0;0;0;0;0;0;0;0;0;1%;0;0;0;31%;0;0;91%;0;0
Pristine Talisman;1;0;0;0;0;0;0;0;0;0;0;0;0;0;0;8%;0;0;0;0;0;0
Probe;1;0;0;0;0;0;0;0;0;0;0;0;0;0;0;41%;0;0;0;0;0;0
Prohibit;3;0;0;0;0;83%;0;0;0;0;0;0;1%;0;0;41%;0;0;0;0;0;0
Prophetic Prism;3;0;0;0;100%;100%;0;0;0;0;0;0;0;0;0;0;100%;0;0;0;0;0
Prosperous Pirates;1;0;100%;0;0;0;0;0;0;0;0;0;0;0;0;0;0;0;0;0;0;0
Pulse of Murasa;1;0;0;0;0;90%;0;0;0;0;0;0;0;0;0;0;0;0;0;0;0;0
Pyrite Spellbomb;1;0;0;0;0;0;0;0;0;0;0;0;0;0;0;0;2%;0;0;0;0;0
Qasali Pridemage;1;0;0;0;0;0;0;0;3%;0;0;0;0;0;0;0;0;0;0;0;0;0
Quick Sliver;1;0;0;0;0;0;0;0;0;17%;0;0;0;0;0;0;0;0;0;0;0;0
Quirion Ranger;2;0;0;0;0;0;100%;100%;0;0;0;0;0;0;0;0;0;0;0;0;0;0
Radiant Fountain;6;0;0;0;0;3%;0;0;0;0;0;0;1%;33%;0;59%;97%;0;0;9%;0;0
Raise the Alarm;3;0;0;0;0;0;0;0;0;0;0;0;1%;0;0;0;0;100%;0;0;67%;0
Rakdos Carnarium;1;0;0;0;0;0;0;0;0;0;50%;0;0;0;0;0;0;0;0;0;0;0
Rakdos Guildgate;1;0;0;0;0;0;0;0;0;0;25%;0;0;0;0;0;0;0;0;0;0;0
Rally the Peasants;4;0;0;0;0;0;0;0;0;0;0;0;1%;0;0;0;22%;100%;0;0;67%;0
Rancor;3;0;0;0;0;0;0;100%;100%;50%;0;0;0;0;0;0;0;0;0;0;0;0
Ranger's Guile;1;0;0;0;0;0;0;0;0;17%;0;0;0;0;0;0;0;0;0;0;0;0
Ravenous Rats;1;0;0;0;0;0;0;0;0;0;0;0;0;0;0;0;0;0;7%;0;0;0
Raven's Crime;1;0;0;0;0;0;0;0;0;0;0;0;0;0;0;0;0;0;21%;0;0;0
Reaping the Graves;3;0;40%;0;0;0;0;0;0;0;0;0;0;0;0;41%;2%;0;0;0;0;0
Relic of Progenitus;1;0;0;0;5%;0;0;0;0;0;0;0;0;0;0;0;0;0;0;0;0;0
Remote Isle;1;0;0;0;0;60%;0;0;0;0;0;0;0;0;0;0;0;0;0;0;0;0
Remove Soul;2;0;0;0;0;6%;0;0;0;0;0;0;0;0;0;5%;0;0;0;0;0;0
Repeal;1;0;0;0;0;6%;0;0;0;0;0;0;0;0;0;0;0;0;0;0;0;0
Rhystic Circle;1;0;0;0;0;2%;0;0;0;0;0;0;0;0;0;0;0;0;0;0;0;0
Rhystic Lightning;1;0;0;0;0;0;0;0;0;0;0;3%;0;0;0;0;0;0;0;0;0;0
Rift Bolt;1;0;0;0;0;0;0;0;0;0;0;100%;0;0;0;0;0;0;0;0;0;0
River Boa;1;0;0;0;0;0;0;28%;0;0;0;0;0;0;0;0;0;0;0;0;0;0
Rolling Thunder;1;0;0;0;0;76%;0;0;0;0;0;0;0;0;0;0;0;0;0;0;0;0
Safehold Elite;1;0;0;0;0;0;0;5%;0;0;0;0;0;0;0;0;0;0;0;0;0;0
Sage's Row Denizen;1;0;20%;0;0;0;0;0;0;0;0;0;0;0;0;0;0;0;0;0;0;0
Sakura-Tribe Elder;1;0;0;0;0;0;0;0;0;0;50%;0;0;0;0;0;0;0;0;0;0;0
Scarscale Ritual;1;0;20%;0;0;0;0;0;0;0;0;0;0;0;0;0;0;0;0;0;0;0
Scoured Barrens;1;0;0;0;0;0;0;0;0;0;0;0;0;0;0;0;0;0;0;100%;0;0
Sea Gate Oracle;4;0;100%;0;0;65%;0;0;0;0;0;0;0;100%;0;44%;0;0;0;0;0;0
Seal of Fire;1;0;0;0;0;0;0;0;0;0;0;6%;0;0;0;0;0;0;0;0;0;0
Searing Blaze;2;0;0;0;0;0;0;0;0;0;0;100%;0;0;0;0;5%;0;0;0;0;0
Seat of the Synod;1;0;0;0;100%;0;0;0;0;0;0;0;0;0;0;0;0;0;0;0;0;0
Secluded Steppe;5;0;20%;0;0;0;0;0;0;17%;0;0;0;0;0;0;100%;0;0;82%;67%;0
Seeker of the Way;3;0;0;0;0;0;0;0;3%;0;0;0;0;0;0;0;25%;100%;0;0;0;0
Sejiri Steppe;1;0;0;0;0;2%;0;0;0;0;0;0;0;0;0;0;0;0;0;0;0;0
Selesnya Guildgate;1;0;0;0;0;0;0;0;0;17%;0;0;0;0;0;0;0;0;0;0;0;0
Selesnya Sanctuary;1;0;0;0;0;0;0;0;0;17%;0;0;0;0;0;0;0;0;0;0;0;0
Sentinel Sliver;1;0;0;0;0;0;0;0;0;100%;0;0;0;0;0;0;0;0;0;0;0;0
Serrated Arrows;1;0;0;0;0;2%;0;0;0;0;0;0;0;0;0;0;0;0;0;0;0;0
Shadow Rift;1;100%;0;0;0;0;0;0;0;0;0;0;0;0;0;0;0;0;0;0;0;0
Shard Volley;1;0;0;0;0;0;0;0;0;0;0;37%;0;0;0;0;0;0;0;0;0;0
Shimmering Grotto;1;0;0;0;0;71%;0;0;0;0;0;0;0;0;0;0;0;0;0;0;0;0
Shinen of Life's Roar;1;0;0;0;0;0;0;2%;0;0;0;0;0;0;0;0;0;0;0;0;0;0
Sidewinder Sliver;1;0;0;0;0;0;0;0;0;100%;0;0;0;0;0;0;0;0;0;0;0;0
Sigil Blessing;1;0;0;0;0;0;0;0;0;17%;0;0;0;0;0;0;0;0;0;0;0;0
Sign in Blood;1;0;0;0;0;0;0;0;0;0;0;0;0;0;0;0;0;0;93%;0;0;0
Silhana Ledgewalker;2;0;0;0;0;0;0;82%;94%;0;0;0;0;0;0;0;0;0;0;0;0;0
Simic Guildgate;1;0;0;0;0;2%;0;0;0;0;0;0;0;0;0;0;0;0;0;0;0;0
Simic Signet;1;0;0;0;0;48%;0;0;0;0;0;0;0;0;0;0;0;0;0;0;0;0
Sinew Sliver;1;0;0;0;0;0;0;0;0;100%;0;0;0;0;0;0;0;0;0;0;0;0
Skarrgan Pit-Skulk;1;0;0;0;0;0;0;100%;0;0;0;0;0;0;0;0;0;0;0;0;0;0
Skred;1;0;0;0;0;0;0;0;0;0;0;0;51%;0;0;0;0;0;0;0;0;0
Slip Through Space;1;4%;0;0;0;0;0;0;0;0;0;0;0;0;0;0;0;0;0;0;0;0
Slippery Bogle;1;0;0;0;0;0;0;0;100%;0;0;0;0;0;0;0;0;0;0;0;0;0
Snap;4;0;100%;0;0;2%;0;0;0;0;0;0;24%;33%;0;0;0;0;0;0;0;0
Snow-Covered Island;6;42%;20%;19%;0;3%;0;0;0;0;0;0;55%;33%;0;0;0;0;0;0;0;0
Snow-Covered Mountain;4;0;0;19%;0;0;0;0;0;0;0;0;51%;33%;0;0;2%;0;0;0;0;0
Snow-Covered Plains;3;38%;20%;0;0;0;0;0;0;0;0;0;0;0;0;0;5%;0;0;0;0;0
Snuff Out;1;0;0;0;0;0;0;0;0;0;0;0;0;0;0;0;0;0;0;27%;0;0
Soltari Foot Soldier;1;0;0;0;0;0;0;0;0;0;0;0;0;0;0;0;2%;0;0;0;0;0
Somber Hoverguard;1;0;0;0;12%;0;0;0;0;0;0;0;0;0;0;0;0;0;0;0;0;0
Soul Manipulation;2;0;0;0;0;0;0;0;0;0;0;0;1%;0;0;8%;0;0;0;0;0;0
Soul Warden;2;0;0;0;0;0;0;0;0;0;0;0;0;0;0;0;0;100%;0;0;67%;0
Soul's Attendant;1;0;0;0;0;0;0;0;0;0;0;0;0;0;0;0;0;100%;0;0;0;0
Spark Elemental;1;0;0;0;0;0;0;0;0;0;0;3%;0;0;0;0;0;0;0;0;0;0
Sparksmith;1;0;0;0;0;0;0;0;0;0;0;0;0;0;0;0;0;0;0;0;0;67%
Spell Pierce;2;0;0;27%;0;0;0;0;0;0;0;0;10%;0;0;0;0;0;0;0;0;0
Spellstutter Sprite;3;17%;0;0;0;0;0;0;0;0;0;0;94%;100%;0;0;0;0;0;0;0;0
Spider Umbra;1;0;0;0;0;0;0;0;9%;0;0;0;0;0;0;0;0;0;0;0;0;0
Spidersilk Armor;1;0;0;0;0;0;26%;0;0;0;0;0;0;0;0;0;0;0;0;0;0;0
Spinneret Sliver;1;0;0;0;0;0;0;0;0;100%;0;0;0;0;0;0;0;0;0;0;0;0
Spire Golem;2;0;0;0;0;0;0;0;0;0;0;0;41%;33%;0;0;0;0;0;0;0;0
Spore Frog;1;0;0;0;0;0;0;0;0;0;50%;0;0;0;0;0;0;0;0;0;0;0
Springleaf Drum;2;0;0;0;100%;0;0;0;0;0;0;0;1%;0;0;0;0;0;0;0;0;0
Squadron Hawk;1;0;0;0;0;0;0;0;0;0;0;0;0;0;0;0;0;0;0;0;100%;0
Staggershock;1;0;0;0;0;0;0;0;0;0;0;9%;0;0;0;0;0;0;0;0;0;0
Standard Bearer;1;0;0;0;0;0;0;0;0;0;0;0;0;0;0;0;2%;0;0;0;0;0
Stinkweed Imp;2;0;0;0;0;0;0;0;0;0;100%;0;0;0;0;0;0;0;0;9%;0;0
Stitched Drake;1;0;0;0;0;0;0;0;0;0;0;0;5%;0;0;0;0;0;0;0;0;0
Stonehorn Dignitary;1;0;0;0;0;5%;0;0;0;0;0;0;0;0;0;0;0;0;0;0;0;0
Stormbound Geist;1;0;0;0;0;0;0;0;0;0;0;0;1%;0;0;0;0;0;0;0;0;0
Strider Harness;1;0;0;0;0;0;3%;0;0;0;0;0;0;0;0;0;0;0;0;0;0;0
Striped Riverwinder;2;0;0;0;0;0;0;0;0;0;0;0;1%;0;100%;0;0;0;0;0;0;0
Sunlance;1;0;0;0;0;0;0;0;0;0;0;0;0;0;0;0;0;0;0;0;33%;0
Sunscape Familiar;1;0;100%;0;0;0;0;0;0;0;0;0;0;0;0;0;0;0;0;0;0;0
Swamp;7;0;40%;0;0;0;0;0;0;0;100%;0;4%;0;100%;100%;0;0;100%;100%;0;0
Swiftwater Cliffs;6;0;0;65%;0;40%;0;0;0;0;0;0;4%;67%;0;3%;2%;0;0;0;0;0
Sylvan Ranger;1;0;0;0;0;0;64%;0;0;0;0;0;0;0;0;0;0;0;0;0;0;0
Talon Sliver;1;0;0;0;0;0;0;0;0;33%;0;0;0;0;0;0;0;0;0;0;0;0
Tandem Lookout;1;0;0;0;0;0;0;0;0;0;0;0;1%;0;0;0;0;0;0;0;0;0
Temur Battle Rage;2;0;0;100%;79%;0;0;0;0;0;0;0;0;0;0;0;0;0;0;0;0;0
Tendrils of Corruption;1;0;0;0;0;0;0;0;0;0;0;0;0;0;0;0;0;0;93%;0;0;0
Terminate;2;0;0;0;0;0;0;0;0;0;50%;0;0;0;0;3%;0;0;0;0;0;0
Terramorphic Expanse;5;29%;0;4%;0;0;0;0;3%;0;0;0;16%;33%;0;0;0;0;0;0;0;0
Terrarion;1;0;0;0;2%;0;0;0;0;0;0;0;0;0;0;0;0;0;0;0;0;0
Thermo-Alchemist;1;0;0;0;0;0;0;0;0;0;0;66%;0;0;0;0;0;0;0;0;0;0
Think Twice;2;0;0;0;0;6%;0;0;0;0;0;0;0;0;0;5%;0;0;0;0;0;0
Thorn of the Black Rose;3;0;0;0;0;0;0;0;0;0;0;0;0;0;0;3%;0;0;57%;18%;0;0
Thornweald Archer;1;0;0;0;0;0;5%;0;0;0;0;0;0;0;0;0;0;0;0;0;0;0
Thornwood Falls;2;0;0;0;0;83%;0;0;0;0;0;0;1%;0;0;0;0;0;0;0;0;0
Thought Scour;1;0;0;0;0;0;0;0;0;0;0;0;5%;0;0;0;0;0;0;0;0;0
Thoughtcast;1;0;0;0;100%;0;0;0;0;0;0;0;0;0;0;0;0;0;0;0;0;0
Thraben Inspector;4;0;0;0;0;0;0;0;3%;0;0;0;0;0;0;0;98%;0;0;100%;100%;0
Thrill of the Hunt;1;0;0;0;0;0;0;0;0;17%;0;0;0;0;0;0;0;0;0;0;0;0
Thunderous Wrath;2;0;0;0;0;0;0;0;0;0;0;3%;1%;0;0;0;0;0;0;0;0;0
Timberwatch Elf;1;0;0;0;0;0;100%;0;0;0;0;0;0;0;0;0;0;0;0;0;0;0
Tireless Tribe;1;100%;0;0;0;0;0;0;0;0;0;0;0;0;0;0;0;0;0;0;0;0
Tolarian Winds;1;0;0;0;0;2%;0;0;0;0;0;0;0;0;0;0;0;0;0;0;0;0
Tormenting Voice;1;0;0;0;0;0;0;0;0;0;50%;0;0;0;0;0;0;0;0;0;0;0
Tortured Existence;1;0;0;0;0;0;0;0;0;0;100%;0;0;0;0;0;0;0;0;0;0;0
Tragic Slip;2;0;0;0;0;0;0;0;0;0;0;0;0;0;0;13%;0;0;0;9%;0;0
Tranquil Cove;4;0;100%;0;0;5%;0;0;0;0;0;0;1%;0;0;0;3%;0;0;0;0;0
Travel Preparations;1;0;0;0;0;0;0;0;0;17%;0;0;0;0;0;0;0;0;0;0;0;0
Tree of Tales;2;0;0;0;100%;2%;0;0;0;0;0;0;0;0;0;0;0;0;0;0;0;0
Triplicate Spirits;1;0;0;0;0;0;0;0;0;0;0;0;0;0;0;0;0;100%;0;0;0;0
Twisted Abomination;1;0;0;0;0;0;0;0;0;0;0;0;0;0;0;0;0;0;7%;0;0;0
Ulamog's Crusher;2;0;0;0;0;32%;3%;0;0;0;0;0;0;0;0;0;0;0;0;0;0;0
Unbridled Growth;1;0;0;0;0;0;0;0;3%;0;0;0;0;0;0;0;0;0;0;0;0;0
Undying Evil;1;0;0;0;0;0;0;0;0;0;0;0;0;0;0;0;0;0;7%;0;0;0
Unearth;2;0;0;0;0;0;0;0;0;0;0;0;0;0;0;10%;0;0;14%;0;0;0
Unknown Shores;1;0;0;0;0;21%;0;0;0;0;0;0;0;0;0;0;0;0;0;0;0;0
Unmake;1;0;0;0;0;0;0;0;0;0;0;0;0;0;0;0;0;0;0;27%;0;0
Urza's Mine;1;0;0;0;0;100%;0;0;0;0;0;0;0;0;0;0;0;0;0;0;0;0
Urza's Power Plant;1;0;0;0;0;100%;0;0;0;0;0;0;0;0;0;0;0;0;0;0;0;0
Urza's Tower;1;0;0;0;0;100%;0;0;0;0;0;0;0;0;0;0;0;0;0;0;0;0
Utopia Sprawl;1;0;0;0;0;0;0;0;97%;0;0;0;0;0;0;0;0;0;0;0;0;0
Valley Dasher;1;0;0;0;0;0;0;0;0;0;0;0;0;0;0;0;0;0;0;0;0;33%
Vapor Snag;1;0;0;0;0;0;0;0;0;0;0;0;25%;0;0;0;0;0;0;0;0;0
Vault of Whispers;1;0;0;0;10%;0;0;0;0;0;0;0;0;0;0;0;0;0;0;0;0;0
Vault Skirge;1;0;0;0;0;0;0;67%;0;0;0;0;0;0;0;0;0;0;0;0;0;0
Veteran Armorer;1;0;0;0;0;0;0;0;0;0;0;0;0;0;0;0;0;0;0;0;67%;0
Victim of Night;1;0;0;0;0;0;0;0;0;0;0;0;0;0;0;0;0;0;57%;0;0;0
Vines of Vastwood;4;0;0;0;0;0;21%;100%;3%;50%;0;0;0;0;0;0;0;0;0;0;0;0
Viridian Longbow;2;0;0;0;0;0;67%;18%;0;0;0;0;0;0;0;0;0;0;0;0;0;0
Virulent Sliver;1;0;0;0;0;0;0;0;0;100%;0;0;0;0;0;0;0;0;0;0;0;0
Wall of Hope;1;0;0;0;0;0;0;0;0;0;0;0;0;0;0;0;0;0;0;45%;0;0
War Falcon;1;0;0;0;0;0;0;0;0;0;0;0;0;0;0;0;0;0;0;0;33%;0
Watcher Sliver;1;0;0;0;0;0;0;0;0;17%;0;0;0;0;0;0;0;0;0;0;0;0
Weight of Conscience;1;0;0;0;0;0;0;0;0;0;0;0;0;0;0;0;0;0;0;9%;0;0
Wellwisher;1;0;0;0;0;0;90%;0;0;0;0;0;0;0;0;0;0;0;0;0;0;0
Wight of Precinct Six;1;0;0;0;0;0;0;0;0;0;0;0;0;0;0;0;0;0;7%;0;0;0
Wild Growth;1;0;0;0;0;0;0;0;3%;0;0;0;0;0;0;0;0;0;0;0;0;0
Wild Mongrel;1;0;0;0;0;0;0;3%;0;0;0;0;0;0;0;0;0;0;0;0;0;0
Wind-Scarred Crag;4;0;0;0;0;0;0;0;0;0;0;0;1%;0;0;0;88%;100%;0;0;67%;0
Wirewood Herald;1;0;0;0;0;0;5%;0;0;0;0;0;0;0;0;0;0;0;0;0;0;0
Wirewood Pride;1;0;0;0;0;0;10%;0;0;0;0;0;0;0;0;0;0;0;0;0;0;0
Wrench Mind;1;0;0;0;0;0;0;0;0;0;0;0;0;0;0;0;0;0;7%;0;0;0
Wretched Gryff;1;0;0;0;0;8%;0;0;0;0;0;0;0;0;0;0;0;0;0;0;0;0
Young Wolf;2;0;0;0;0;0;0;100%;3%;0;0;0;0;0;0;0;0;0;0;0;0;0
