card;color;type;usd;eur;used;Inside Out Combo;Flicker Combo;Blitz Combo;Affinity;Tron;Elves;Stompy;Bogles;Slivers;Tortured Existence;Burn;Delver;Ninja Aggro;Reanimator;UB Control;Boros;RW Tokens;MBC;Orzhov Control;MonoW;Goblins
Abundant Growth;G;Enchantment — Aura;0,13;0,13;1;0;0;0;0;0;0;0;100%;0;0;0;0;0;0;0;0;0;0;0;0;0
Accumulated Knowledge;U;Instant;0,14;0,12;2;0;0;0;0;0;0;0;0;0;0;0;1%;0;0;3%;0;0;0;0;0;0
Aerial Volley;G;Instant;0,12;0,05;6;0;0;0;2%;10%;3%;43%;0;20%;0;0;1%;0;0;0;0;0;0;0;0;0
Aether Chaser;R;Creature — Human Artificer;0,13;0,04;1;0;0;0;0;0;0;0;0;0;25%;0;0;0;0;0;0;0;0;0;0;0
Aether Swooper;U;Creature — Vedalken Artificer;0,12;0,04;1;0;0;0;0;0;0;0;0;0;0;0;1%;0;0;0;0;0;0;0;0;0
Agony Warp;M;Instant;0,13;0,06;3;0;0;0;0;0;0;0;0;0;0;0;1%;0;100%;6%;0;0;0;0;0;0
Alchemist's Vial;C;Artifact;0,13;0,08;1;0;0;0;0;0;0;0;0;0;0;0;0;0;0;0;86%;0;0;0;0;0
Ambush Viper;G;Creature — Snake;0,14;0,11;1;0;0;0;0;0;0;0;0;0;50%;0;0;0;0;0;0;0;0;0;0;0
Ancestral Mask;G;Enchantment — Aura;0,48;0,45;1;0;0;0;0;0;0;0;100%;0;0;0;0;0;0;0;0;0;0;0;0;0
Ancient Den;C;Artifact Land;2,22;1,13;2;0;0;0;32%;0;0;0;0;0;0;0;0;0;0;0;100%;0;0;0;0;0
Ancient Grudge;R;Instant;0,22;0,23;6;0;0;0;73%;75%;0;0;3%;0;50%;0;1%;0;0;0;67%;0;0;0;0;0
Ancient Stirrings;G;Sorcery;2,66;2,55;1;0;0;0;0;8%;0;0;0;0;0;0;0;0;0;0;0;0;0;0;0;0
Angelic Renewal;W;Enchantment;0,19;0,23;1;0;0;0;0;0;0;0;0;0;0;0;0;0;0;0;0;0;0;18%;0;0
Annul;U;Instant;0,13;0,11;3;8%;0;0;0;0;0;0;0;0;0;0;29%;0;0;9%;0;0;0;0;0;0
Anointer Priest;W;Creature — Human Cleric;0,13;0,06;1;0;0;0;0;0;0;0;0;0;0;0;1%;0;0;0;0;0;0;0;0;0
Apostle's Blessing;W;Instant;0,25;0,4;2;50%;0;100%;0;0;0;0;0;0;0;0;0;0;0;0;0;0;0;0;0;0
Arashin Cleric;W;Creature — Human Cleric;0,14;0,08;1;0;0;0;0;0;0;0;0;0;0;0;0;0;0;0;0;0;0;27%;0;0
Arc Lightning;R;Sorcery;0,17;0,04;1;0;0;0;0;0;0;0;0;0;0;3%;0;0;0;0;0;0;0;0;0;0
Archaeomancer;U;Creature — Human Wizard;0,12;0,1;2;0;0;0;0;0;0;0;0;0;0;0;0;33%;0;41%;0;0;0;0;0;0
Ardent Recruit;W;Creature — Human Soldier;0,12;0,13;1;0;0;0;2%;0;0;0;0;0;0;0;0;0;0;0;0;0;0;0;0;0
Armadillo Cloak;M;Enchantment — Aura;0,25;0,29;2;0;0;0;0;0;0;0;100%;80%;0;0;0;0;0;0;0;0;0;0;0;0
Artful Dodge;U;Sorcery;0,19;0,28;1;0;0;27%;0;0;0;0;0;0;0;0;0;0;0;0;0;0;0;0;0;0
Ash Barrens;C;Land;3,49;2,66;11;100%;100%;54%;0;0;0;0;10%;40%;50%;0;53%;33%;0;3%;21%;0;0;91%;0;0
Atog;R;Creature — Atog;0,18;0,15;1;0;0;0;98%;0;0;0;0;0;0;0;0;0;0;0;0;0;0;0;0;0
Augur of Bolas;U;Creature — Merfolk Wizard;0,16;0,12;6;88%;0;92%;0;0;0;0;0;0;0;0;82%;67%;100%;56%;0;0;0;0;0;0
Augur of Skulls;B;Creature — Skeleton Wizard;0,38;0,3;1;0;0;0;0;0;0;0;0;0;25%;0;0;0;0;0;0;0;0;0;0;0
Aura Flux;U;Enchantment;0,16;0,18;4;0;0;35%;0;0;0;0;0;0;0;0;20%;33%;0;3%;0;0;0;0;0;0
Aura Gnarlid;G;Creature — Beast;0,14;0,1;1;0;0;0;0;0;0;0;66%;0;0;0;0;0;0;0;0;0;0;0;0;0
Auramancer;W;Creature — Human Wizard;0,12;0,06;1;0;0;0;0;0;0;0;0;0;0;0;0;0;0;0;0;0;0;9%;0;0
Auriok Sunchaser;W;Creature — Human Soldier;0,13;0,1;1;0;0;0;2%;0;0;0;0;0;0;0;0;0;0;0;0;0;0;0;0;0
Avacyn's Pilgrim;G;Creature — Human Monk;0,12;0,12;1;0;0;0;0;0;0;0;10%;0;0;0;0;0;0;0;0;0;0;0;0;0
Aven Riftwatcher;W;Creature — Bird Rebel Soldier;0,14;0,07;1;0;0;0;0;0;0;0;0;0;0;0;0;0;0;0;0;0;0;64%;0;0
Azorius Chancery;C;Land;0,18;0,08;3;0;100%;0;0;0;0;0;0;0;0;0;1%;0;0;0;2%;0;0;0;0;0
Barren Moor;C;Land;0,19;0,09;4;0;0;0;0;0;0;0;0;0;0;0;1%;0;0;44%;0;0;100%;9%;0;0
Basking Rootwalla;G;Creature — Lizard;0,22;0,22;1;0;0;0;0;0;0;2%;0;0;0;0;0;0;0;0;0;0;0;0;0;0
Battle Screech;W;Sorcery;3,23;3,53;4;0;0;0;0;0;0;0;0;0;0;0;1%;0;0;0;86%;100%;0;0;67%;0
Benevolent Bodyguard;W;Creature — Human Cleric;0,14;0,06;1;0;0;0;0;0;0;0;0;0;0;0;0;0;0;0;0;0;0;0;67%;0
Birchlore Rangers;G;Creature — Elf Druid;0,23;0,27;1;0;0;0;0;0;100%;0;0;0;0;0;0;0;0;0;0;0;0;0;0;0
Blastoderm;G;Creature — Beast;0,16;0,1;1;0;0;0;0;0;0;0;0;0;50%;0;0;0;0;0;0;0;0;0;0;0
Blazing Volley;R;Sorcery;0,13;0,06;3;0;0;42%;0;3%;0;0;0;0;0;6%;0;0;0;0;0;0;0;0;0;0
Bloodfell Caves;C;Land;0,13;0,05;1;0;0;0;0;0;0;0;0;0;50%;0;0;0;0;0;0;0;0;0;0;0
Bloodmad Vampire;R;Creature — Vampire Berserker;0,14;0,07;1;0;0;0;0;0;0;0;0;0;50%;0;0;0;0;0;0;0;0;0;0;0
Blossoming Sands;C;Land;0,12;0,06;2;0;0;0;0;0;0;0;97%;100%;0;0;0;0;0;0;0;0;0;0;0;0
Bojuka Bog;C;Land;0,93;0,65;7;0;0;0;0;45%;0;0;0;0;0;0;1%;0;100%;59%;9%;0;79%;100%;0;0
Bonesplitter;C;Artifact — Equipment;0,35;0,27;3;0;0;0;0;0;0;21%;0;0;0;0;20%;0;0;0;0;0;0;0;100%;0
Boomerang;U;Instant;0,14;0,07;1;0;0;0;0;0;0;0;0;0;0;0;1%;0;0;0;0;0;0;0;0;0
Boros Garrison;C;Land;0,17;0,06;2;0;0;0;0;0;0;0;0;0;0;0;0;0;0;0;100%;0;0;0;67%;0
Bottle Gnomes;C;Artifact Creature — Gnome;0,19;0,03;1;0;0;0;0;0;0;0;0;0;0;0;0;0;0;0;0;0;7%;0;0;0
Brainstorm;U;Instant;0,75;0,65;5;96%;40%;85%;0;0;0;0;0;0;0;0;70%;0;0;3%;0;0;0;0;0;0
Burning-Tree Emissary;M;Creature — Human Shaman;0,19;0,14;2;0;0;0;0;0;0;98%;0;0;0;0;0;0;0;0;0;0;0;0;0;33%
Burst Lightning;R;Instant;0,14;0,1;2;0;0;0;0;2%;0;0;0;0;0;9%;0;0;0;0;0;0;0;0;0;0
Capsize;U;Instant;1,11;0,66;2;0;0;0;0;35%;0;0;0;0;0;0;0;0;0;9%;0;0;0;0;0;0
Carapace Forger;G;Creature — Elf Artificer;0,18;0,23;1;0;0;0;100%;0;0;0;0;0;0;0;0;0;0;0;0;0;0;0;0;0
Cartouche of Ambition;B;Enchantment — Aura Cartouche;0,12;0,07;3;0;0;0;0;0;0;0;0;0;0;0;0;0;100%;0;0;0;14%;9%;0;0
Cartouche of Solidarity;W;Enchantment — Aura Cartouche;0,14;0,06;1;0;0;0;0;0;0;0;90%;0;0;0;0;0;0;0;0;0;0;0;0;0
Cartouche of Strength;G;Enchantment — Aura Cartouche;0,12;0,05;1;0;0;0;0;0;0;0;83%;0;0;0;0;0;0;0;0;0;0;0;0;0
Castigate;M;Sorcery;0,17;0,15;1;0;0;0;0;0;0;0;0;0;0;0;0;0;0;0;0;0;0;27%;0;0
Caustic Caterpillar;G;Creature — Insect;0,13;0,12;1;0;0;0;0;0;0;0;0;0;50%;0;0;0;0;0;0;0;0;0;0;0
Celestial Flare;W;Instant;0,12;0,05;2;0;0;0;0;0;0;0;0;0;0;0;0;0;0;0;11%;0;0;0;67%;0
Cenn's Enlistment;W;Sorcery;0,14;0,06;1;0;0;0;0;0;0;0;0;0;0;0;0;0;0;0;49%;0;0;0;0;0
Chain Lightning;R;Sorcery;3,11;3,37;1;0;0;0;0;0;0;0;0;0;0;100%;0;0;0;0;0;0;0;0;0;0
Chainer's Edict;B;Sorcery;3,99;3,37;8;0;0;0;2%;7%;0;0;0;0;50%;0;3%;0;100%;100%;0;0;100%;91%;0;0
Chittering Rats;B;Creature — Rat;0,37;0,32;2;0;0;0;0;0;0;0;0;0;0;0;0;0;0;41%;0;0;100%;0;0;0
Choking Sands;B;Sorcery;0,25;0,36;2;0;0;0;0;0;0;0;0;0;0;0;0;0;0;0;0;0;43%;55%;0;0
Chromatic Sphere;C;Artifact;0,25;0,28;2;0;0;0;2%;8%;0;0;0;0;0;0;0;0;0;0;0;0;0;0;0;0
Chromatic Star;C;Artifact;2,99;1,58;2;0;0;0;100%;8%;0;0;0;0;0;0;0;0;0;0;0;0;0;0;0;0
Circle of Protection: Blue;W;Enchantment;0,13;0,02;1;0;0;0;0;27%;0;0;0;0;0;0;0;0;0;0;0;0;0;0;0;0
Circle of Protection: Green;W;Enchantment;0,12;0,03;6;0;0;0;0;17%;0;0;3%;20%;0;0;0;0;0;0;49%;100%;0;9%;0;0
Circle of Protection: Red;W;Enchantment;0,14;0,07;8;17%;0;0;0;40%;0;0;7%;40%;0;0;0;0;0;0;53%;100%;0;9%;33%;0
Circle of Protection: White;W;Enchantment;0,12;0,03;2;0;0;0;0;2%;0;0;0;20%;0;0;0;0;0;0;0;0;0;0;0;0
Circular Logic;U;Instant;1,01;0,84;1;100%;0;0;0;0;0;0;0;0;0;0;0;0;0;0;0;0;0;0;0;0
Coalition Honor Guard;W;Creature — Human Flagbearer;0,14;0,04;3;0;0;0;0;40%;0;0;0;0;0;0;0;0;0;0;14%;0;0;82%;0;0
Coiling Oracle;M;Creature — Snake Elf Druid;0,13;0,06;1;0;0;0;0;0;3%;0;0;0;0;0;0;0;0;0;0;0;0;0;0;0
Commune with Nature;G;Sorcery;0,14;0,03;2;0;0;0;0;0;3%;0;0;40%;0;0;0;0;0;0;0;0;0;0;0;0
Commune with the Gods;G;Sorcery;0,14;0,09;2;0;0;0;0;0;0;0;7%;0;50%;0;0;0;0;0;0;0;0;0;0;0
Complete Disregard;C;Instant;0,12;0,06;1;0;0;0;0;0;0;0;0;0;0;0;0;0;0;6%;0;0;0;0;0;0
Compulsive Research;U;Sorcery;0,16;0,09;3;0;100%;12%;0;17%;0;0;0;0;0;0;0;0;0;0;0;0;0;0;0;0
Condescend;U;Instant;0,25;0,27;1;0;0;0;0;80%;0;0;0;0;0;0;0;0;0;0;0;0;0;0;0;0
Coral Net;U;Enchantment — Aura;0,17;0,14;3;0;0;4%;0;0;0;0;0;0;0;0;21%;33%;0;0;0;0;0;0;0;0
Corrupt;B;Sorcery;0,16;0,04;1;0;0;0;0;0;0;0;0;0;0;0;0;0;0;0;0;0;7%;0;0;0
Counterspell;U;Instant;0,93;0,57;6;0;0;4%;0;2%;0;0;0;0;0;0;96%;100%;100%;100%;0;0;0;0;0;0
Crimson Acolyte;W;Creature — Human Cleric;0,16;0,13;1;0;0;0;0;0;0;0;31%;0;0;0;0;0;0;0;0;0;0;0;0;0
Crop Rotation;G;Instant;1,42;1,41;1;0;0;0;0;58%;0;0;0;0;0;0;0;0;0;0;0;0;0;0;0;0
Crumbling Vestige;C;Land;0,13;0,05;2;0;0;0;0;0;0;0;3%;20%;0;0;0;0;0;0;0;0;0;0;0;0
Crypt Incursion;B;Instant;0,2;0,19;2;0;0;0;0;13%;0;0;0;0;0;0;0;0;0;3%;0;0;0;0;0;0
Crypt Rats;B;Creature — Rat;0,54;0,73;3;0;0;0;0;0;0;0;0;0;100%;0;0;0;0;0;0;0;79%;73%;0;0
Cuombajj Witches;B;Creature — Human Wizard;0,25;0,7;3;0;0;0;0;0;0;0;0;0;50%;0;0;0;0;3%;0;0;93%;0;0;0
Curfew;U;Instant;0,18;0,34;1;0;0;0;0;0;0;0;0;0;0;0;3%;0;0;0;0;0;0;0;0;0
Curse of Chains;M;Enchantment — Aura;0,25;0,34;1;0;0;0;0;0;0;0;0;0;0;0;34%;0;0;0;0;0;0;0;0;0
Curse of the Bloody Tome;U;Enchantment — Aura Curse;0,13;0,11;3;0;0;0;0;2%;0;0;0;0;0;0;3%;0;0;9%;0;0;0;0;0;0
Curse of the Pierced Heart;R;Enchantment — Aura Curse;0,14;0,11;1;0;0;0;0;0;0;0;0;0;0;94%;0;0;0;0;0;0;0;0;0;0
Custodi Squire;W;Creature — Spirit Cleric;0,15;0,09;2;0;40%;0;0;0;0;0;0;0;0;0;0;0;0;0;0;0;0;18%;0;0
Darksteel Citadel;C;Artifact Land;0,43;0,29;1;0;0;0;98%;0;0;0;0;0;0;0;0;0;0;0;0;0;0;0;0;0
Dash Hopes;B;Instant;0,79;0,38;1;0;0;0;0;0;0;0;0;0;0;0;0;0;0;0;0;0;7%;0;0;0
Daze;U;Instant;1,18;1,39;3;25%;0;42%;0;0;0;0;0;0;0;0;53%;0;0;0;0;0;0;0;0;0
Dead Weight;B;Enchantment — Aura;0,12;0,08;3;0;0;0;0;0;0;0;0;0;0;0;0;0;0;35%;0;0;36%;9%;0;0
Death Denied;B;Instant — Arcane;0,15;0,05;1;0;0;0;0;0;0;0;0;0;0;0;0;0;0;0;0;0;14%;0;0;0
Death Spark;R;Instant;0,2;0,22;1;0;0;0;0;0;0;0;0;0;0;0;0;0;0;0;0;0;0;0;0;67%
Deep Analysis;U;Sorcery;0,19;0,1;3;0;0;12%;0;0;0;0;0;0;0;0;17%;0;0;12%;0;0;0;0;0;0
Delver of Secrets;U;Creature — Human Wizard;1,29;1,59;2;0;0;15%;0;0;0;0;0;0;0;0;100%;0;0;0;0;0;0;0;0;0
Deprive;U;Instant;0,49;0,63;4;0;0;0;0;0;0;0;0;0;0;0;21%;67%;100%;15%;0;0;0;0;0;0
Devour Flesh;B;Instant;0,13;0,14;2;0;0;0;0;2%;0;0;0;0;0;0;0;0;0;47%;0;0;0;0;0;0
Diabolic Edict;B;Instant;0,59;0,76;2;0;0;0;0;2%;0;0;0;0;0;0;0;0;0;12%;0;0;0;0;0;0
Dimir Aqueduct;C;Land;0,26;0,1;5;0;60%;0;0;0;0;0;0;0;0;0;1%;0;100%;100%;0;0;7%;0;0;0
Dimir Cluestone;C;Artifact;0,12;0,11;1;0;0;0;0;2%;0;0;0;0;0;0;0;0;0;0;0;0;0;0;0;0
Dimir Guildgate;C;Land — Gate;0,13;0,07;1;0;0;0;0;0;0;0;0;0;0;0;0;0;0;3%;0;0;0;0;0;0
Dimir Signet;C;Artifact;0,99;0,34;1;0;0;0;0;17%;0;0;0;0;0;0;0;0;0;0;0;0;0;0;0;0
Dinrova Horror;M;Creature — Horror;0,12;0,08;2;0;40%;0;0;55%;0;0;0;0;0;0;0;0;0;0;0;0;0;0;0;0
Disciple of the Vault;B;Creature — Human Cleric;0,22;0,14;1;0;0;0;2%;0;0;0;0;0;0;0;0;0;0;0;0;0;0;0;0;0
Disenchant;W;Instant;0,11;0,05;1;29%;0;0;0;0;0;0;0;0;0;0;0;0;0;0;0;0;0;0;0;0
Disfigure;B;Instant;0,25;0,33;5;0;0;0;0;0;0;0;0;0;0;0;3%;0;100%;97%;0;0;86%;91%;0;0
Dismal Backwater;C;Land;0,12;0,06;4;0;0;0;0;22%;0;0;0;0;0;0;4%;0;100%;100%;0;0;0;0;0;0
Dispel;U;Instant;0,14;0,13;9;100%;60%;73%;93%;75%;0;0;34%;0;0;0;57%;100%;0;50%;0;0;0;0;0;0
Disrupt;U;Instant;0,18;0,19;1;4%;0;0;0;0;0;0;0;0;0;0;0;0;0;0;0;0;0;0;0;0
Dissolve;U;Instant;0,12;0,1;1;0;0;0;0;0;0;0;0;0;0;0;1%;0;0;0;0;0;0;0;0;0
Distant Melody;U;Sorcery;1,12;0,75;1;0;0;0;0;0;68%;0;0;0;0;0;0;0;0;0;0;0;0;0;0;0
Distress;B;Sorcery;0,13;0,08;1;0;0;0;0;0;0;0;0;0;0;0;0;0;0;0;0;0;36%;0;0;0
Dive Down;U;Instant;0,12;0,02;1;25%;0;0;0;0;0;0;0;0;0;0;0;0;0;0;0;0;0;0;0;0
Dizzy Spell;U;Instant;0,15;0,09;1;50%;0;0;0;0;0;0;0;0;0;0;0;0;0;0;0;0;0;0;0;0
Doom Blade;B;Instant;0,13;0,09;7;0;0;0;2%;25%;0;0;0;0;0;0;3%;0;100%;97%;0;0;7%;91%;0;0
Dragon Fodder;R;Sorcery;0,13;0,05;1;0;0;0;0;0;0;0;0;0;0;0;0;0;0;0;0;100%;0;0;0;0
Duress;B;Sorcery;0,12;0,05;6;0;0;0;2%;0;0;0;0;0;0;0;3%;0;100%;71%;0;0;100%;100%;0;0
Dust to Dust;W;Sorcery;0,29;0,45;3;0;0;0;0;0;0;0;3%;20%;0;0;0;0;0;0;0;0;0;0;100%;0
Earth Rift;R;Sorcery;0,17;0,14;1;0;0;0;0;7%;0;0;0;0;0;0;0;0;0;0;0;0;0;0;0;0
Echoing Decay;B;Instant;0,18;0,16;4;0;0;0;0;0;0;0;0;0;0;0;3%;0;100%;94%;0;0;21%;0;0;0
Echoing Truth;U;Instant;0,28;0,24;5;67%;0;4%;0;12%;0;0;0;0;0;0;16%;0;0;3%;0;0;0;0;0;0
Eldrazi Skyspawner;C;Creature — Eldrazi Drone;0,15;0,07;1;0;0;8%;0;0;0;0;0;0;0;0;0;0;0;0;0;0;0;0;0;0
Electrickery;R;Instant;0,13;0,21;14;0;40%;58%;93%;75%;0;0;24%;0;50%;80%;55%;67%;0;3%;100%;100%;0;0;67%;100%
Electrostatic Bolt;R;Instant;0,13;0,07;1;0;0;0;0;12%;0;0;0;0;0;0;0;0;0;0;0;0;0;0;0;0
Elephant Guide;G;Enchantment — Aura;0,13;0,08;1;0;0;0;0;0;0;86%;0;0;0;0;0;0;0;0;0;0;0;0;0;0
Elite Vanguard;W;Creature — Human Soldier;0,14;0,05;1;0;0;0;0;0;0;0;0;0;0;0;0;0;0;0;0;0;0;0;33%;0
Elvish Branchbender;G;Creature — Elf Druid;0,14;0,09;1;0;0;0;0;0;16%;0;0;0;0;0;0;0;0;0;0;0;0;0;0;0
Elvish Eulogist;G;Creature — Elf Shaman;0,13;0,06;1;0;0;0;0;0;5%;0;0;0;0;0;0;0;0;0;0;0;0;0;0;0
Elvish Mystic;G;Creature — Elf Druid;0,14;0,18;1;0;0;0;0;0;89%;0;0;0;0;0;0;0;0;0;0;0;0;0;0;0
Elvish Vanguard;G;Creature — Elf Warrior;0,25;0,2;1;0;0;0;0;0;95%;0;0;0;0;0;0;0;0;0;0;0;0;0;0;0
Elvish Visionary;G;Creature — Elf Shaman;0,13;0,08;1;0;0;0;0;0;37%;0;0;0;0;0;0;0;0;0;0;0;0;0;0;0
Envelop;U;Instant;0,15;0,08;1;0;20%;0;0;0;0;0;0;0;0;0;0;0;0;0;0;0;0;0;0;0
Epic Confrontation;G;Sorcery;0,13;0,09;2;0;0;0;0;0;0;98%;0;40%;0;0;0;0;0;0;0;0;0;0;0;0
Essence Scatter;U;Instant;0,12;0,06;4;0;0;0;0;28%;0;0;0;0;0;0;1%;33%;0;3%;0;0;0;0;0;0
Essence Warden;G;Creature — Elf Shaman;0,99;0,45;1;0;0;0;0;0;39%;0;0;0;0;0;0;0;0;0;0;0;0;0;0;0
Ethereal Armor;W;Enchantment — Aura;0,2;0,27;1;0;0;0;0;0;0;0;100%;0;0;0;0;0;0;0;0;0;0;0;0;0
Evincar's Justice;B;Sorcery;0,18;0,21;3;0;0;0;0;3%;0;0;0;0;0;0;0;0;100%;53%;0;0;0;0;0;0
Evolving Wilds;C;Land;0,12;0,03;9;75%;80%;92%;0;0;0;0;0;40%;25%;0;46%;0;100%;38%;0;0;0;36%;0;0
Exclude;U;Instant;0,26;0,27;4;0;0;0;0;48%;0;0;0;0;0;0;12%;33%;0;15%;0;0;0;0;0;0
Exhume;B;Sorcery;1,59;1,02;2;0;0;0;0;0;0;0;0;0;0;0;1%;0;100%;0;0;0;0;0;0;0
Expedite;R;Instant;0,13;0,09;1;0;0;4%;0;0;0;0;0;0;0;0;0;0;0;0;0;0;0;0;0;0
Expedition Map;C;Artifact;2,37;1,51;1;0;0;0;0;97%;0;0;0;0;0;0;0;0;0;0;0;0;0;0;0;0
Fade Away;U;Sorcery;0,22;0,19;2;17%;0;0;0;3%;0;0;0;0;0;0;0;0;0;0;0;0;0;0;0;0
Faerie Macabre;B;Creature — Faerie Rogue;0,25;0,4;1;0;0;0;0;0;0;0;0;0;100%;0;0;0;0;0;0;0;0;0;0;0
Faerie Miscreant;U;Creature — Faerie Rogue;0,2;0,2;3;17%;0;0;0;0;0;0;0;0;0;0;93%;100%;0;0;0;0;0;0;0;0
Faithless Looting;R;Sorcery;0,25;0,37;3;0;0;4%;0;0;0;0;0;0;100%;0;0;0;0;0;4%;0;0;0;0;0
False Summoning;U;Instant;0,25;0,51;1;0;0;0;0;5%;0;0;0;0;0;0;0;0;0;0;0;0;0;0;0;0
Fangren Marauder;G;Creature — Beast;0,14;0,14;2;0;0;0;0;38%;3%;0;0;0;0;0;0;0;0;0;0;0;0;0;0;0
Feed the Clan;G;Instant;0,14;0,1;3;0;0;0;76%;0;0;27%;0;20%;0;0;0;0;0;0;0;0;0;0;0;0
Fierce Empath;G;Creature — Elf;0,62;0,37;1;0;0;0;0;15%;0;0;0;0;0;0;0;0;0;0;0;0;0;0;0;0
Fireblast;R;Instant;1,11;0,72;2;0;0;0;0;0;0;0;0;0;0;100%;0;0;0;0;0;0;0;0;0;67%
Firebolt;R;Sorcery;0,13;0,11;2;0;0;0;0;5%;0;0;0;0;0;0;0;0;0;0;77%;0;0;0;0;0
Firebrand Archer;R;Creature — Human Archer;0,13;0,09;1;0;0;0;0;0;0;0;0;0;0;89%;0;0;0;0;0;0;0;0;0;0
Flame Jab;R;Sorcery;0,14;0,09;1;0;0;0;0;0;0;0;0;0;0;0;0;0;0;0;2%;0;0;0;0;0
Flame Rift;R;Sorcery;0,49;0,64;1;0;0;0;0;0;0;0;0;0;0;20%;0;0;0;0;0;0;0;0;0;0
Flame Slash;R;Sorcery;0,18;0,19;9;0;40%;27%;0;40%;0;0;0;0;0;6%;4%;67%;0;3%;0;100%;0;0;0;100%
Flaring Pain;R;Instant;0,28;0,39;8;0;0;88%;2%;0;3%;0;66%;0;0;49%;1%;0;0;0;4%;0;0;0;0;100%
Flayer Husk;C;Artifact — Equipment;0,13;0,07;3;0;0;0;98%;0;0;0;0;0;0;0;3%;0;0;0;2%;0;0;0;0;0
Fling;R;Instant;0,13;0,06;2;0;0;0;90%;0;0;0;3%;0;0;0;0;0;0;0;0;0;0;0;0;0
Fog;G;Instant;0,14;0,05;2;0;0;0;0;0;3%;2%;0;0;0;0;0;0;0;0;0;0;0;0;0;0
Font of Return;B;Enchantment;0,13;0,12;2;0;0;0;0;0;0;0;0;0;0;0;0;0;0;0;0;0;7%;9%;0;0
Forbidden Alchemy;U;Instant;0,12;0,05;3;0;0;0;0;82%;0;0;0;0;0;0;0;0;100%;53%;0;0;0;0;0;0
Forest;C;Basic Land — Forest;0,15;0,02;6;0;0;0;0;0;100%;100%;100%;100%;50%;0;1%;0;0;0;0;0;0;0;0;0
Forgotten Cave;C;Land;0,13;0,05;3;0;0;0;0;0;0;0;0;0;0;83%;0;33%;0;0;96%;0;0;0;0;0
Foundry Street Denizen;R;Creature — Goblin Warrior;0,13;0,06;1;0;0;0;0;0;0;0;0;0;0;0;0;0;0;0;0;0;0;0;0;67%
Fragmentize;W;Sorcery;0,13;0,04;3;0;0;0;0;0;0;0;0;20%;0;0;1%;0;0;0;2%;0;0;0;0;0
Freewind Falcon;W;Creature — Bird;0,14;0,04;1;0;0;0;0;0;0;0;3%;0;0;0;0;0;0;0;0;0;0;0;0;0
Frogmite;C;Artifact Creature — Frog;0,16;0,12;1;0;0;0;100%;0;0;0;0;0;0;0;0;0;0;0;0;0;0;0;0;0
Frostburn Weird;M;Creature — Weird;0,13;0,04;1;0;0;0;0;0;0;0;0;0;0;0;1%;0;0;0;0;0;0;0;0;0
Fume Spitter;B;Creature — Horror;0,13;0,12;1;0;0;0;0;0;0;0;0;0;100%;0;0;0;0;0;0;0;0;0;0;0
Fyndhorn Elves;G;Creature — Elf Druid;0,89;0,63;1;0;0;0;0;0;84%;0;0;0;0;0;0;0;0;0;0;0;0;0;0;0
Galvanic Blast;R;Instant;0,65;0,98;2;0;0;0;100%;0;0;0;0;0;0;0;0;0;0;0;100%;0;0;0;0;0
Gather the Townsfolk;W;Sorcery;0,13;0,09;2;0;0;0;0;0;0;0;0;0;0;0;1%;0;0;0;0;0;0;0;67%;0
Gearseeker Serpent;U;Creature — Serpent;0,12;0,05;1;0;0;0;90%;0;0;0;0;0;0;0;0;0;0;0;0;0;0;0;0;0
Gemhide Sliver;G;Creature — Sliver;0,77;0,47;1;0;0;0;0;0;0;0;0;20%;0;0;0;0;0;0;0;0;0;0;0;0
Geth's Verdict;B;Instant;0,34;0,5;1;0;0;0;0;0;0;0;0;0;0;0;0;0;0;0;0;0;43%;0;0;0
Ghastly Demise;B;Instant;0,22;0,33;1;0;0;0;0;0;0;0;0;0;0;0;0;0;0;6%;0;0;0;0;0;0
Ghostly Flicker;U;Instant;0,14;0,14;4;0;100%;0;0;78%;0;0;0;0;0;0;0;33%;0;41%;0;0;0;0;0;0
Gift of Orzhova;M;Enchantment — Aura;0,15;0,08;1;0;0;0;0;0;0;0;0;0;0;0;0;0;0;0;0;0;0;64%;0;0
Gigadrowse;U;Instant;0,22;0,18;1;96%;0;0;0;0;0;0;0;0;0;0;0;0;0;0;0;0;0;0;0;0
Gitaxian Probe;U;Sorcery;1,55;1,55;3;83%;0;100%;0;0;0;0;0;0;0;0;5%;0;0;0;0;0;0;0;0;0
Gladecover Scout;G;Creature — Elf Scout;0,13;0,12;1;0;0;0;0;0;0;0;97%;0;0;0;0;0;0;0;0;0;0;0;0;0
Gleeful Sabotage;G;Sorcery;1,49;1,07;3;0;0;0;0;0;89%;98%;7%;0;0;0;0;0;0;0;0;0;0;0;0;0
Glint Hawk;W;Creature — Bird;0,15;0,12;1;0;0;0;0;0;0;0;0;0;0;0;0;0;0;0;100%;0;0;0;0;0
Gnaw to the Bone;G;Instant;0,21;0,21;2;0;0;0;0;0;0;0;0;20%;50%;0;0;0;0;0;0;0;0;0;0;0
Goblin Bushwhacker;R;Creature — Goblin Warrior;1,07;0,87;1;0;0;0;0;0;0;0;0;0;0;0;0;0;0;0;0;0;0;0;0;100%
Goblin Cohort;R;Creature — Goblin Warrior;0,19;0,07;1;0;0;0;0;0;0;0;0;0;0;0;0;0;0;0;0;0;0;0;0;100%
Goblin Fireslinger;R;Creature — Goblin Warrior;0,15;0,05;1;0;0;0;0;0;0;0;0;0;0;6%;0;0;0;0;0;0;0;0;0;0
Goblin Heelcutter;R;Creature — Goblin Berserker;0,14;0,11;1;0;0;0;0;0;0;0;0;0;0;0;0;0;0;0;0;0;0;0;0;33%
Goblin Sledder;R;Creature — Goblin;0,18;0,13;1;0;0;0;0;0;0;0;0;0;0;0;0;0;0;0;0;0;0;0;0;67%
God-Pharaoh's Faithful;W;Creature — Human Wizard;0,12;0,05;1;0;100%;0;0;0;0;0;0;0;0;0;0;0;0;0;0;0;0;0;0;0
Golgari Brownscale;G;Creature — Lizard;0,21;0,19;1;0;0;0;0;0;0;0;0;0;100%;0;0;0;0;0;0;0;0;0;0;0
Golgari Rot Farm;C;Land;0,18;0,06;1;0;0;0;0;0;0;0;0;0;50%;0;0;0;0;0;0;0;0;0;0;0
Gorilla Shaman;R;Creature — Ape Shaman;0,35;0,43;13;0;40%;58%;41%;35%;0;0;52%;0;100%;6%;43%;67%;0;3%;91%;100%;0;0;0;33%
Grasp of the Hieromancer;W;Enchantment — Aura;0,13;0,03;1;0;0;0;0;0;0;0;7%;0;0;0;0;0;0;0;0;0;0;0;0;0
Grave Scrabbler;B;Creature — Zombie;0,2;0,12;1;0;0;0;0;0;0;0;0;0;100%;0;0;0;0;0;0;0;0;0;0;0
Gray Merchant of Asphodel;B;Creature — Zombie;0,2;0,19;1;0;0;0;0;0;0;0;0;0;0;0;0;0;0;0;0;0;93%;0;0;0
Great Furnace;C;Artifact Land;0,89;0,54;2;0;0;0;100%;0;0;0;0;0;0;0;0;0;0;0;100%;0;0;0;0;0
Grim Harvest;B;Instant;0,18;0,19;3;0;0;0;0;0;0;0;0;0;50%;0;0;0;0;0;0;0;14%;27%;0;0
Grixis Slavedriver;B;Creature — Zombie Giant;0,12;0,07;1;0;0;0;0;0;0;0;0;0;0;0;0;0;0;15%;0;0;0;0;0;0
Groundswell;G;Instant;0,59;0,58;1;0;0;0;0;0;0;4%;0;0;0;0;0;0;0;0;0;0;0;0;0;0
Gruul Signet;C;Artifact;0,18;0,11;1;0;0;0;0;2%;0;0;0;0;0;0;0;0;0;0;0;0;0;0;0;0
Guardian of the Guildpact;W;Creature — Spirit;0,19;0,15;4;0;0;0;0;0;0;0;0;0;0;0;0;0;0;0;5%;100%;0;100%;33%;0
Gurmag Angler;B;Creature — Zombie Fish;0,21;0,34;4;0;0;0;0;0;0;0;0;0;0;0;4%;0;100%;59%;0;0;36%;0;0;0
Gush;U;Instant;2,1;1,82;3;100%;0;100%;0;0;0;0;0;0;0;0;95%;0;0;0;0;0;0;0;0;0
Gut Shot;R;Instant;0,25;0,31;4;25%;0;0;0;0;0;32%;79%;0;0;0;0;0;0;0;0;0;0;0;33%;0
Hallow;W;Instant;0,14;0,07;2;0;0;0;0;0;0;0;0;40%;0;0;0;0;0;0;0;0;0;0;67%;0
Harvest Pyre;R;Instant;0,12;0,06;2;0;0;0;0;2%;0;0;0;0;0;0;0;67%;0;0;0;0;0;0;0;0
Haunted Fengraf;C;Land;0,13;0,1;1;0;0;0;0;45%;0;0;0;0;0;0;0;0;0;0;0;0;0;0;0;0
Heliod's Pilgrim;W;Creature — Human Cleric;0,17;0,17;2;0;0;0;0;0;0;0;48%;0;0;0;0;0;0;0;0;0;0;9%;0;0
Hieroglyphic Illumination;U;Instant;0,14;0,06;1;0;0;0;0;2%;0;0;0;0;0;0;0;0;0;0;0;0;0;0;0;0
Hive Stirrings;W;Sorcery;0,14;0,09;1;0;0;0;0;0;0;0;0;20%;0;0;0;0;0;0;0;0;0;0;0;0
Holy Light;W;Instant;0,25;0,91;2;0;0;0;0;0;0;0;3%;0;0;0;0;0;0;0;0;0;0;0;33%;0
Hoodwink;U;Instant;0,19;0,11;1;0;80%;0;0;0;0;0;0;0;0;0;0;0;0;0;0;0;0;0;0;0
Hooting Mandrills;G;Creature — Ape;0,12;0,1;1;0;0;0;0;0;0;0;0;0;0;0;1%;0;0;0;0;0;0;0;0;0
Horned Sliver;G;Creature — Sliver;2,07;1,67;1;0;0;0;0;0;0;0;0;20%;0;0;0;0;0;0;0;0;0;0;0;0
Horror of the Broken Lands;B;Creature — Horror;0,12;0,09;1;0;0;0;0;0;0;0;0;0;50%;0;0;0;0;0;0;0;0;0;0;0
Hunger of the Howlpack;G;Instant;0,13;0,08;1;0;0;0;0;0;0;100%;0;0;0;0;0;0;0;0;0;0;0;0;0;0
Hydroblast;U;Instant;0,39;0,67;11;92%;100%;92%;93%;85%;3%;0;0;0;0;0;92%;100%;100%;74%;2%;0;0;0;0;0
Hyena Umbra;W;Enchantment — Aura;0,7;0,63;1;0;0;0;0;0;0;0;3%;0;0;0;0;0;0;0;0;0;0;0;0;0
Icatian Javelineers;W;Creature — Human Soldier;0,13;0,12;1;0;0;0;0;0;0;0;0;0;0;0;0;0;0;0;0;0;0;0;100%;0
Icefall;R;Sorcery;0,14;0,1;1;0;0;0;0;0;0;0;0;0;0;0;0;0;0;0;4%;0;0;0;0;0
Ichor Wellspring;C;Artifact;0,17;0,22;2;0;0;0;20%;0;0;0;0;0;0;0;0;0;0;0;16%;0;0;0;0;0
Impulse;U;Instant;0,44;0,41;2;8%;0;0;0;45%;0;0;0;0;0;0;0;0;0;0;0;0;0;0;0;0
Incinerate;R;Instant;0,15;0,13;1;0;0;0;0;0;0;0;0;0;0;23%;0;0;0;0;0;0;0;0;0;0
Ingot Chewer;R;Creature — Elemental;0,25;0,31;1;0;0;0;0;0;0;0;0;0;25%;0;0;0;0;0;0;0;0;0;0;0
Innocent Blood;B;Sorcery;0,15;0,11;2;0;0;0;0;0;0;0;0;0;50%;0;0;0;0;6%;0;0;0;0;0;0
Inside Out;M;Instant;0,14;0,07;1;100%;0;0;0;0;0;0;0;0;0;0;0;0;0;0;0;0;0;0;0;0
Insolent Neonate;R;Creature — Vampire;0,19;0,14;2;0;0;0;0;0;0;0;0;0;50%;9%;0;0;0;0;0;0;0;0;0;0
Island;C;Basic Land — Island;0,15;0,02;10;58%;80%;81%;0;82%;63%;0;0;0;0;0;49%;67%;100%;100%;2%;0;0;0;0;0
It of the Horrid Swarm;C;Creature — Eldrazi Insect;0,13;0,06;1;0;0;0;0;2%;0;0;0;0;0;0;0;0;0;0;0;0;0;0;0;0
Izzet Boilerworks;C;Land;0,18;0,09;4;0;40%;0;0;0;0;0;0;0;0;0;0;67%;0;3%;2%;0;0;0;0;0
Izzet Guildgate;C;Land — Gate;0,13;0,06;2;0;0;0;0;13%;0;0;0;0;0;0;0;33%;0;0;0;0;0;0;0;0
Izzet Signet;C;Artifact;0,27;0,17;1;0;0;0;0;7%;0;0;0;0;0;0;0;0;0;0;0;0;0;0;0;0
Jace's Erasure;U;Enchantment;0,14;0,1;1;8%;0;0;0;0;0;0;0;0;0;0;0;0;0;0;0;0;0;0;0;0
Jackal Familiar;R;Creature — Jackal;0,14;0,07;1;0;0;0;0;0;0;0;0;0;0;0;0;0;0;0;0;0;0;0;0;100%
Journey to Nowhere;W;Enchantment;0,91;0,79;7;0;0;0;10%;0;0;0;0;20%;0;0;1%;0;0;0;98%;100%;0;9%;100%;0
Jungle Hollow;C;Land;0,12;0,04;2;0;0;0;0;3%;0;0;0;0;50%;0;0;0;0;0;0;0;0;0;0;0
Kabira Crossroads;C;Land;0,13;0,12;2;0;0;0;0;0;0;0;0;0;0;0;0;0;0;0;4%;0;0;82%;0;0
Kami of False Hope;W;Creature — Spirit;0,39;0,19;1;0;0;0;0;0;0;0;0;0;0;0;0;0;0;0;0;0;0;27%;0;0
Keldon Marauders;R;Creature — Human Warrior;0,21;0,1;1;0;0;0;0;0;0;0;0;0;0;34%;0;0;0;0;0;0;0;0;0;0
Khalni Garden;C;Land;0,13;0,11;2;0;0;0;0;2%;0;0;76%;0;0;0;0;0;0;0;0;0;0;0;0;0
Kiln Fiend;R;Creature — Elemental Beast;0,13;0,08;1;0;0;100%;0;0;0;0;0;0;0;0;0;0;0;0;0;0;0;0;0;0
Kor Sanctifiers;W;Creature — Kor Cleric;0,13;0,07;2;0;0;0;0;0;0;0;0;0;0;0;0;0;0;0;23%;0;0;36%;0;0
Kor Skyfisher;W;Creature — Kor Soldier;0,13;0,06;4;0;0;0;0;0;0;0;3%;0;0;0;0;0;0;0;100%;0;0;100%;33%;0
Krark-Clan Shaman;R;Creature — Goblin Shaman;0,13;0,12;2;0;0;0;90%;0;0;0;0;0;0;0;0;0;0;0;4%;0;0;0;0;0
Krenko's Command;R;Sorcery;0,13;0,11;1;0;0;0;0;0;0;0;0;0;0;0;0;0;0;0;0;100%;0;0;0;0
Krosan Tusker;G;Creature — Boar Beast;0,16;0,09;1;0;0;0;0;0;0;0;0;0;50%;0;0;0;0;0;0;0;0;0;0;0
Kruphix's Insight;G;Sorcery;0,13;0,12;1;0;0;0;0;0;0;0;10%;0;0;0;0;0;0;0;0;0;0;0;0;0
Kuldotha Rebirth;R;Sorcery;0,14;0,19;1;0;0;0;0;0;0;0;0;0;0;0;0;0;0;0;18%;0;0;0;0;0
Land Grant;G;Sorcery;0,26;0,4;1;0;0;0;0;0;5%;0;0;0;0;0;0;0;0;0;0;0;0;0;0;0
Lava Spike;R;Sorcery — Arcane;4,22;1,93;1;0;0;0;0;0;0;0;0;0;0;100%;0;0;0;0;0;0;0;0;0;0
Lead the Stampede;G;Sorcery;0,13;0,1;2;0;0;0;0;0;68%;0;0;40%;0;0;0;0;0;0;0;0;0;0;0;0
Leave No Trace;W;Instant;0,14;0,08;2;0;0;0;0;3%;0;0;0;0;0;0;0;0;0;0;9%;0;0;0;0;0
Life Goes On;G;Instant;0,12;0,06;3;0;0;0;0;0;3%;2%;0;0;0;0;1%;0;0;0;0;0;0;0;0;0
Lifelink;W;Enchantment — Aura;0,13;0,11;1;0;0;0;0;0;0;0;93%;0;0;0;0;0;0;0;0;0;0;0;0;0
Lightning Axe;R;Instant;0,25;0,29;1;0;0;0;0;15%;0;0;0;0;0;0;0;0;0;0;0;0;0;0;0;0
Lightning Bolt;R;Instant;2,22;2,08;11;0;40%;88%;0;17%;0;0;0;0;50%;100%;54%;67%;0;0;100%;100%;0;0;33%;100%
Lightning Strike;R;Instant;0,15;0,08;1;0;0;0;0;0;0;0;0;0;0;3%;0;0;0;0;0;0;0;0;0;0
Liliana's Specter;B;Creature — Specter;0,14;0,09;1;0;0;0;0;0;0;0;0;0;0;0;0;0;0;0;0;0;21%;0;0;0
Liquify;U;Instant;0,14;0,04;1;0;0;0;0;2%;0;0;0;0;0;0;0;0;0;0;0;0;0;0;0;0
Llanowar Elves;G;Creature — Elf Druid;0,16;0,1;1;0;0;0;0;0;95%;0;0;0;0;0;0;0;0;0;0;0;0;0;0;0
Logic Knot;U;Instant;1,49;0,47;1;0;0;0;0;0;0;0;0;0;0;0;13%;0;0;0;0;0;0;0;0;0
Lone Missionary;W;Creature — Kor Monk;0,16;0,11;4;71%;20%;0;0;0;0;0;0;0;0;0;0;0;0;0;81%;0;0;91%;0;0
Lonely Sandbar;C;Land;0,13;0,1;3;0;20%;0;0;0;0;0;0;0;0;0;0;67%;0;41%;0;0;0;0;0;0
Loyal Cathar;W;Creature — Human Soldier;0,13;0,06;1;0;0;0;0;0;0;0;0;0;0;0;0;0;0;0;0;0;0;0;33%;0
Loyal Pegasus;W;Creature — Pegasus;0,12;0,05;1;0;0;0;0;0;0;0;0;0;0;0;0;0;0;0;0;0;0;0;67%;0
Luminescent Rain;G;Instant;0,15;0,13;1;0;0;0;0;0;50%;0;0;0;0;0;0;0;0;0;0;0;0;0;0;0
Lumithread Field;W;Enchantment;0,15;0,11;1;0;0;0;0;0;0;0;0;0;0;0;1%;0;0;0;0;0;0;0;0;0
Lymph Sliver;W;Creature — Sliver;0,15;0,11;1;0;0;0;0;0;0;0;0;20%;0;0;0;0;0;0;0;0;0;0;0;0
Lys Alana Bowmaster;G;Creature — Elf Archer;0,14;0,1;1;0;0;0;0;0;3%;0;0;0;0;0;0;0;0;0;0;0;0;0;0;0
Lys Alana Huntmaster;G;Creature — Elf Warrior;0,2;0,06;1;0;0;0;0;0;89%;0;0;0;0;0;0;0;0;0;0;0;0;0;0;0
Madcap Skills;R;Enchantment — Aura;0,13;0,03;1;0;0;0;0;0;0;0;3%;0;0;0;0;0;0;0;0;0;0;0;0;0
Magma Jet;R;Instant;0,16;0,11;1;0;0;0;0;0;0;0;0;0;0;83%;0;0;0;0;0;0;0;0;0;0
Magma Spray;R;Instant;0,13;0,08;5;0;0;0;0;12%;0;0;0;0;0;3%;4%;67%;0;0;2%;0;0;0;0;0
Magnify;G;Instant;0,15;0,18;1;0;0;0;0;0;18%;0;0;0;0;0;0;0;0;0;0;0;0;0;0;0
Mana Leak;U;Instant;0,18;0,16;3;0;0;0;0;5%;0;0;0;0;0;0;1%;0;0;6%;0;0;0;0;0;0
Mana Tithe;W;Instant;1,11;0,44;3;0;0;0;0;0;0;0;3%;20%;0;0;0;0;0;0;0;0;0;0;33%;0
Manamorphose;M;Instant;6,14;4,66;1;0;0;0;0;0;0;0;3%;0;0;0;0;0;0;0;0;0;0;0;0;0
Martyr of Ashes;R;Creature — Human Shaman;0,13;0,1;3;0;0;0;0;0;0;0;0;0;0;86%;1%;0;0;0;0;0;0;0;0;33%
Maul Splicer;G;Creature — Human Artificer;0,13;0,06;1;0;0;0;0;5%;0;0;0;0;0;0;0;0;0;0;0;0;0;0;0;0
Mental Note;U;Instant;0,25;0,31;1;0;0;0;0;0;0;0;0;0;0;0;3%;0;0;0;0;0;0;0;0;0
Metallic Rebuke;U;Instant;0,15;0,08;1;0;0;0;56%;0;0;0;0;0;0;0;0;0;0;0;0;0;0;0;0;0
Miscalculation;U;Instant;0,22;0,33;1;0;0;0;0;0;0;0;0;0;0;0;1%;0;0;0;0;0;0;0;0;0
Mizzium Skin;U;Instant;0,13;0,13;1;0;0;0;0;0;0;0;0;0;0;0;1%;0;0;0;0;0;0;0;0;0
Mnemonic Wall;U;Creature — Wall;0,12;0,05;2;0;100%;0;0;92%;0;0;0;0;0;0;0;0;0;0;0;0;0;0;0;0
Mob Justice;R;Sorcery;0,17;0,13;1;0;0;0;0;0;50%;0;0;0;0;0;0;0;0;0;0;0;0;0;0;0
Mogg Conscripts;R;Creature — Goblin;0,25;0,22;1;0;0;0;0;0;0;0;0;0;0;0;0;0;0;0;0;0;0;0;0;100%
Mogg Raider;R;Creature — Goblin;0,22;0,21;1;0;0;0;0;0;0;0;0;0;0;0;0;0;0;0;0;0;0;0;0;67%
Mogg War Marshal;R;Creature — Goblin Warrior;0,25;0,23;2;0;0;0;0;0;0;0;0;0;25%;0;0;0;0;0;0;0;0;0;0;67%
Moldervine Cloak;G;Enchantment — Aura;0,17;0,09;1;0;0;0;0;0;0;0;17%;0;0;0;0;0;0;0;0;0;0;0;0;0
Molten Rain;R;Sorcery;0,29;0,36;2;0;0;0;0;0;0;0;0;0;0;71%;1%;0;0;0;0;0;0;0;0;0
Moment's Peace;G;Instant;0,45;1,02;6;0;0;0;0;92%;58%;5%;21%;20%;50%;0;0;0;0;0;0;0;0;0;0;0
Monstrous Carabid;M;Creature — Insect;0,25;0,29;1;0;0;0;0;0;0;0;0;0;50%;0;0;0;0;0;0;0;0;0;0;0
Mortuary Mire;C;Land;0,15;0,1;3;0;0;0;0;8%;0;0;0;0;0;0;0;0;0;0;25%;0;7%;0;0;0
Mountain;C;Basic Land — Mountain;0,15;0,02;12;0;40%;85%;0;7%;3%;0;0;0;100%;100%;5%;33%;0;3%;53%;100%;0;0;0;100%
Mudbrawler Cohort;R;Creature — Goblin Warrior;0,15;0,14;1;0;0;0;0;0;0;0;0;0;0;0;0;0;0;0;0;0;0;0;0;33%
Muddle the Mixture;U;Instant;1,62;0,95;1;0;0;0;0;2%;0;0;0;0;0;0;0;0;0;0;0;0;0;0;0;0
Mulldrifter;U;Creature — Elemental;0,62;0,39;8;0;100%;12%;0;98%;0;0;0;0;0;0;3%;100%;100%;91%;4%;0;0;0;0;0
Murder;B;Instant;0,21;0,07;1;0;0;0;0;0;0;0;0;0;0;0;0;0;0;0;0;0;7%;0;0;0
Muscle Sliver;G;Creature — Sliver;0,61;0,78;1;0;0;0;0;0;0;0;0;100%;0;0;0;0;0;0;0;0;0;0;0;0
Mutagenic Growth;G;Instant;0,93;0,85;5;0;0;96%;0;0;0;14%;0;40%;0;0;1%;0;0;0;0;0;0;0;0;33%
Myr Enforcer;C;Artifact Creature — Myr;0,18;0,11;1;0;0;0;100%;0;0;0;0;0;0;0;0;0;0;0;0;0;0;0;0;0
Mystical Teachings;U;Instant;0,14;0,14;3;0;0;0;0;88%;0;0;0;0;0;0;1%;0;0;47%;0;0;0;0;0;0
Narcolepsy;U;Enchantment — Aura;0,13;0,04;2;0;0;0;0;0;0;0;0;0;0;0;1%;33%;0;0;0;0;0;0;0;0
Natural State;G;Instant;0,13;0,15;5;0;0;0;20%;0;3%;14%;90%;40%;0;0;0;0;0;0;0;0;0;0;0;0
Naturalize;G;Instant;0,12;0,02;2;0;0;0;0;0;11%;2%;0;0;0;0;0;0;0;0;0;0;0;0;0;0
Nature's Claim;G;Instant;0,15;0,1;1;0;0;0;0;12%;0;0;0;0;0;0;0;0;0;0;0;0;0;0;0;0
Nausea;B;Sorcery;0,13;0,03;4;0;0;0;0;0;0;0;0;0;0;0;1%;0;100%;12%;0;0;7%;0;0;0
Needle Drop;R;Instant;0,28;0,2;1;0;0;0;0;0;0;0;0;0;0;91%;0;0;0;0;0;0;0;0;0;0
Negate;U;Instant;0,12;0,05;4;0;0;0;0;17%;0;0;0;0;0;0;1%;0;100%;53%;0;0;0;0;0;0
Nest Invader;G;Creature — Eldrazi Drone;0,16;0,1;1;0;0;0;0;0;0;98%;0;0;0;0;0;0;0;0;0;0;0;0;0;0
Nettle Sentinel;G;Creature — Elf Warrior;2,69;2,34;2;0;0;0;0;0;89%;93%;0;0;0;0;0;0;0;0;0;0;0;0;0;0
Night's Whisper;B;Sorcery;0,49;0,32;1;0;0;0;0;0;0;0;0;0;0;0;0;0;0;0;0;0;0;82%;0;0
Nightscape Familiar;B;Creature — Zombie;0,16;0,12;1;0;40%;0;0;0;0;0;0;0;0;0;0;0;0;0;0;0;0;0;0;0
Nihil Spellbomb;C;Artifact;0,53;0,45;8;0;0;0;0;2%;5%;0;0;0;0;0;3%;0;100%;50%;2%;0;57%;18%;0;0
Nimble Mongoose;G;Creature — Mongoose;0,22;0,19;1;0;0;0;0;0;0;0;0;0;0;0;1%;0;0;0;0;0;0;0;0;0
Ninja of the Deep Hours;U;Creature — Human Ninja;0,49;0,3;3;17%;0;0;0;0;0;0;0;0;0;0;82%;100%;0;0;0;0;0;0;0;0
Nivix Cyclops;M;Creature — Cyclops;0,12;0,14;1;0;0;100%;0;0;0;0;0;0;0;0;0;0;0;0;0;0;0;0;0;0
Oblivion Ring;W;Enchantment;0,25;0,15;1;0;0;0;0;0;0;0;0;0;0;0;0;0;0;0;14%;0;0;0;0;0
Obsidian Acolyte;W;Creature — Human Cleric;0,18;0,13;2;0;0;0;0;0;0;0;3%;20%;0;0;0;0;0;0;0;0;0;0;0;0
Okiba-Gang Shinobi;B;Creature — Rat Ninja;0,21;0,16;2;0;0;0;0;0;0;0;0;0;0;0;0;0;0;0;0;0;14%;27%;0;0
Oona's Grace;U;Instant;0,13;0,07;2;0;0;0;0;0;0;0;0;0;0;0;8%;0;0;3%;0;0;0;0;0;0
Orzhov Basilica;C;Land;0,17;0,07;1;0;0;0;0;0;0;0;0;0;0;0;0;0;0;0;0;0;0;100%;0;0
Orzhov Guildgate;C;Land — Gate;0,13;0,04;1;0;0;0;0;0;0;0;0;0;0;0;0;0;0;0;0;0;0;18%;0;0
Ostracize;B;Sorcery;0,14;0,07;1;0;0;0;0;0;0;0;0;0;0;0;0;0;0;3%;0;0;0;0;0;0
Oubliette;B;Enchantment;22,24;16,79;1;0;0;0;0;0;0;0;0;0;0;0;0;0;0;0;0;0;71%;0;0;0
Painted Bluffs;C;Land — Desert;0,12;0,03;1;0;0;0;0;27%;0;0;0;0;0;0;0;0;0;0;0;0;0;0;0;0
Palace Sentinels;W;Creature — Human Soldier;0,16;0,12;2;0;0;0;0;0;0;0;0;0;0;0;0;0;0;0;77%;0;0;91%;0;0
Patrician's Scorn;W;Instant;0,16;0,12;4;0;0;0;2%;0;0;0;0;0;0;0;0;0;0;0;23%;0;0;9%;33%;0
Pay No Heed;W;Instant;0,13;0,02;1;0;0;0;0;0;0;0;0;0;0;0;0;0;0;0;2%;0;0;0;0;0
Penumbra Spider;G;Creature — Spider;0,09;0,03;1;0;0;0;0;0;11%;0;0;0;0;0;0;0;0;0;0;0;0;0;0;0
Perilous Research;U;Instant;0,21;0,21;1;0;0;0;15%;0;0;0;0;0;0;0;0;0;0;0;0;0;0;0;0;0
Pestilence;B;Enchantment;0,15;0,1;3;0;0;0;0;0;0;0;0;0;50%;0;0;0;0;0;0;0;71%;100%;0;0
Pharika's Cure;B;Instant;0,13;0,07;1;0;0;0;0;0;0;0;0;0;0;0;0;0;0;0;0;0;21%;0;0;0
Phyrexian Rager;B;Creature — Horror;0,11;0,02;2;0;0;0;0;0;0;0;0;0;0;0;0;0;0;0;0;0;100%;9%;0;0
Pillory of the Sleepless;M;Enchantment — Aura;0,16;0,11;1;0;0;0;0;0;0;0;0;0;0;0;0;0;0;0;0;0;0;9%;0;0
Piracy Charm;U;Instant;0,21;0,21;2;96%;0;0;0;0;0;0;0;0;0;0;16%;0;0;0;0;0;0;0;0;0
Plains;C;Basic Land — Plains;0,15;0,02;9;62%;100%;0;0;0;0;0;90%;100%;0;0;1%;0;0;0;89%;100%;0;100%;100%;0
Plated Sliver;W;Creature — Sliver;0,2;0,25;1;0;0;0;0;0;0;0;0;100%;0;0;0;0;0;0;0;0;0;0;0;0
Ponder;U;Sorcery;1,57;1,07;5;100%;0;100%;0;0;0;0;0;0;0;0;97%;33%;0;6%;0;0;0;0;0;0
Predatory Sliver;G;Creature — Sliver;0,22;0,4;1;0;0;0;0;0;0;0;0;100%;0;0;0;0;0;0;0;0;0;0;0;0
Preordain;U;Sorcery;1,78;1,69;7;96%;100%;100%;0;0;0;0;0;0;0;0;87%;100%;100%;94%;0;0;0;0;0;0
Priest of Titania;G;Creature — Elf Druid;2,27;1,56;1;0;0;0;0;0;95%;0;0;0;0;0;0;0;0;0;0;0;0;0;0;0
Prismatic Lens;C;Artifact;0,13;0,11;1;0;0;0;0;18%;0;0;0;0;0;0;0;0;0;0;0;0;0;0;0;0
Prismatic Strands;W;Instant;0,55;0,7;7;8%;0;0;0;0;0;0;3%;40%;0;0;1%;0;0;0;72%;0;0;100%;33%;0
Pristine Talisman;C;Artifact;0,13;0,08;1;0;0;0;0;0;0;0;0;0;0;0;0;0;0;9%;0;0;0;0;0;0
Probe;U;Sorcery;0,17;0,12;2;0;0;0;0;2%;0;0;0;0;0;0;0;0;0;41%;0;0;0;0;0;0
Prohibit;U;Instant;0,16;0,19;3;0;0;0;0;83%;0;0;0;0;0;0;1%;0;0;38%;0;0;0;0;0;0
Prophetic Prism;C;Artifact;0,13;0,08;4;0;20%;0;100%;100%;0;0;0;0;0;0;0;0;0;0;100%;0;0;0;0;0
Prosperous Pirates;U;Creature — Human Pirate;0,12;0,04;1;0;100%;0;0;0;0;0;0;0;0;0;0;0;0;0;0;0;0;0;0;0
Psychic Barrier;U;Instant;0,13;0,07;1;0;0;0;0;0;0;0;0;0;0;0;3%;0;0;0;0;0;0;0;0;0
Pulse of Murasa;G;Instant;0,13;0,1;3;0;0;0;0;93%;5%;0;0;40%;0;0;0;0;0;0;0;0;0;0;0;0
Pyrite Spellbomb;C;Artifact;0,14;0,12;1;0;0;0;0;0;0;0;0;0;0;0;0;0;0;0;2%;0;0;0;0;0
Pyroblast;R;Instant;1,21;1,33;12;0;40%;96%;78%;68%;0;0;0;0;50%;46%;54%;67%;0;3%;93%;100%;0;0;0;100%
Qasali Pridemage;M;Creature — Cat Wizard;0,79;0,91;1;0;0;0;0;0;0;0;3%;0;0;0;0;0;0;0;0;0;0;0;0;0
Quick Sliver;G;Creature — Sliver;0,21;0,18;1;0;0;0;0;0;0;0;0;60%;0;0;0;0;0;0;0;0;0;0;0;0
Quirion Ranger;G;Creature — Elf;2,0;2,24;2;0;0;0;0;0;100%;100%;0;0;0;0;0;0;0;0;0;0;0;0;0;0
Radiant Fountain;C;Land;0,12;0,12;6;0;0;0;0;3%;0;0;0;0;0;0;1%;33%;0;59%;96%;0;0;9%;0;0
Raise the Alarm;W;Instant;0,13;0,05;3;0;0;0;0;0;0;0;0;0;0;0;1%;0;0;0;0;100%;0;0;67%;0
Rakdos Carnarium;C;Land;0,15;0,07;1;0;0;0;0;0;0;0;0;0;50%;0;0;0;0;0;0;0;0;0;0;0
Rakdos Guildgate;C;Land — Gate;0,13;0,05;1;0;0;0;0;0;0;0;0;0;25%;0;0;0;0;0;0;0;0;0;0;0
Rally the Peasants;W;Instant;0,15;0,06;4;0;0;0;0;0;0;0;0;0;0;0;1%;0;0;0;23%;100%;0;0;67%;0
Rancor;G;Enchantment — Aura;1,1;1,23;3;0;0;0;0;0;0;100%;100%;40%;0;0;0;0;0;0;0;0;0;0;0;0
Ranger's Guile;G;Instant;0,13;0,05;1;0;0;0;0;0;0;0;0;20%;0;0;0;0;0;0;0;0;0;0;0;0
Raven's Crime;B;Sorcery;0,79;0,7;2;0;0;0;0;0;0;0;0;0;0;0;0;0;0;0;0;0;21%;82%;0;0
Ravenous Rats;B;Creature — Rat;0,13;0,03;1;0;0;0;0;0;0;0;0;0;0;0;0;0;0;0;0;0;7%;0;0;0
Ray of Revelation;W;Instant;0,14;0,08;5;0;0;0;51%;7%;0;0;3%;60%;0;0;0;0;0;0;16%;0;0;0;0;0
Raze;R;Sorcery;0,2;0,24;1;0;0;0;0;0;0;0;0;0;0;0;0;0;0;0;0;0;0;0;0;67%
Reap and Sow;G;Sorcery;0,14;0,18;1;0;0;0;0;5%;0;0;0;0;0;0;0;0;0;0;0;0;0;0;0;0
Reaping the Graves;B;Instant;0,17;0,11;5;0;60%;0;2%;7%;0;0;0;0;0;0;0;0;0;41%;5%;0;0;0;0;0
Recoil;M;Instant;0,19;0,18;1;0;0;0;0;0;0;0;0;0;0;0;0;0;0;3%;0;0;0;0;0;0
Relic of Progenitus;C;Artifact;3,52;2,0;16;12%;0;35%;78%;5%;58%;52%;3%;40%;0;26%;57%;33%;0;47%;61%;100%;36%;100%;0;0
Remote Isle;C;Land;0,2;0,15;1;0;0;0;0;60%;0;0;0;0;0;0;0;0;0;0;0;0;0;0;0;0
Remove Soul;U;Instant;0,13;0,04;2;0;0;0;0;7%;0;0;0;0;0;0;0;0;0;6%;0;0;0;0;0;0
Renegade Freighter;C;Artifact — Vehicle;0,12;0,06;1;0;0;0;0;0;0;0;0;0;0;0;0;0;0;0;0;0;0;0;33%;0
Repeal;U;Instant;0,11;0,07;2;4%;0;0;0;5%;0;0;0;0;0;0;0;0;0;0;0;0;0;0;0;0
Rest for the Weary;W;Instant;0,24;0,15;1;0;0;0;0;3%;0;0;0;0;0;0;0;0;0;0;0;0;0;0;0;0
Rhystic Circle;W;Enchantment;0,13;0,06;1;0;0;0;0;2%;0;0;0;0;0;0;0;0;0;0;0;0;0;0;0;0
Rhystic Lightning;R;Instant;0,15;0,17;1;0;0;0;0;0;0;0;0;0;0;3%;0;0;0;0;0;0;0;0;0;0
Rift Bolt;R;Sorcery;0,64;0,43;1;0;0;0;0;0;0;0;0;0;0;100%;0;0;0;0;0;0;0;0;0;0
River Boa;G;Creature — Snake;0,17;0,03;1;0;0;0;0;0;0;30%;0;0;0;0;0;0;0;0;0;0;0;0;0;0
Rolling Thunder;R;Sorcery;0,18;0,09;1;0;0;0;0;80%;0;0;0;0;0;0;0;0;0;0;0;0;0;0;0;0
Rune of Protection: Green;W;Enchantment;0,15;0,12;1;0;0;0;0;0;0;0;0;0;0;0;0;0;0;0;0;0;0;0;33%;0
Rune of Protection: Red;W;Enchantment;0,23;0,17;1;0;0;0;0;0;0;0;0;0;0;0;0;0;0;0;0;0;0;0;67%;0
Safehold Elite;M;Creature — Elf Scout;0,25;0,33;1;0;0;0;0;0;0;5%;0;0;0;0;0;0;0;0;0;0;0;0;0;0
Sage's Row Denizen;U;Creature — Vedalken Wizard;0,12;0,05;1;0;20%;0;0;0;0;0;0;0;0;0;0;0;0;0;0;0;0;0;0;0
Sakura-Tribe Elder;G;Creature — Snake Shaman;0,51;0,23;1;0;0;0;0;0;0;0;0;0;50%;0;0;0;0;0;0;0;0;0;0;0
Scale of Chiss-Goria;C;Artifact;0,13;0,05;1;0;0;0;2%;0;0;0;0;0;0;0;0;0;0;0;0;0;0;0;0;0
Scarscale Ritual;M;Sorcery;0,14;0,13;1;0;20%;0;0;0;0;0;0;0;0;0;0;0;0;0;0;0;0;0;0;0
Scattershot Archer;G;Creature — Elf Archer;0,83;0,31;4;0;0;0;0;0;76%;62%;3%;20%;0;0;0;0;0;0;0;0;0;0;0;0
Scoured Barrens;C;Land;0,13;0,06;1;0;0;0;0;0;0;0;0;0;0;0;0;0;0;0;0;0;0;100%;0;0
Sea Gate Oracle;U;Creature — Human Wizard;0,13;0,1;4;0;100%;0;0;63%;0;0;0;0;0;0;0;100%;0;44%;0;0;0;0;0;0
Seal of Cleansing;W;Enchantment;0,14;0,1;1;0;0;0;0;0;0;0;0;0;0;0;0;0;0;0;0;0;0;9%;0;0
Seal of Fire;R;Enchantment;0,16;0,09;1;0;0;0;0;0;0;0;0;0;0;6%;0;0;0;0;0;0;0;0;0;0
Searing Blaze;R;Instant;1,22;0,97;2;0;0;0;0;0;0;0;0;0;0;100%;0;0;0;0;5%;0;0;0;0;0
Seat of the Synod;C;Artifact Land;0,99;0,52;1;0;0;0;100%;0;0;0;0;0;0;0;0;0;0;0;0;0;0;0;0;0
Secluded Steppe;C;Land;0,12;0,08;5;0;20%;0;0;0;0;0;0;20%;0;0;0;0;0;0;100%;0;0;82%;67%;0
Seeker of the Way;W;Creature — Human Warrior;0,12;0,07;3;0;0;0;0;0;0;0;3%;0;0;0;0;0;0;0;26%;100%;0;0;0;0
Sejiri Steppe;C;Land;0,13;0,08;1;0;0;0;0;2%;0;0;0;0;0;0;0;0;0;0;0;0;0;0;0;0
Selesnya Sanctuary;C;Land;0,2;0,06;1;0;0;0;0;0;0;0;0;20%;0;0;0;0;0;0;0;0;0;0;0;0
Sentinel Sliver;W;Creature — Sliver;0,2;0,24;1;0;0;0;0;0;0;0;0;100%;0;0;0;0;0;0;0;0;0;0;0;0
Serene Heart;G;Instant;0,18;0,27;4;0;0;0;59%;68%;5%;32%;0;0;0;0;0;0;0;0;0;0;0;0;0;0
Serrated Arrows;C;Artifact;0,25;0,13;4;0;20%;0;0;23%;0;0;0;0;0;0;5%;33%;0;0;0;0;0;0;0;0
Shadow Rift;U;Instant;0,49;0,34;1;100%;0;0;0;0;0;0;0;0;0;0;0;0;0;0;0;0;0;0;0;0
Shard Volley;R;Instant;0,87;0,52;1;0;0;0;0;0;0;0;0;0;0;37%;0;0;0;0;0;0;0;0;0;0
Shattering Pulse;R;Instant;0,2;0,21;2;0;0;0;0;2%;0;0;0;0;0;0;1%;0;0;0;0;0;0;0;0;0
Shimmering Grotto;C;Land;0,05;0,03;1;0;0;0;0;72%;0;0;0;0;0;0;0;0;0;0;0;0;0;0;0;0
Shinen of Life's Roar;G;Creature — Spirit;0,14;0,1;1;0;0;0;0;0;0;2%;0;0;0;0;0;0;0;0;0;0;0;0;0;0
Shrivel;B;Sorcery;0,13;0,05;3;0;0;0;0;0;0;0;0;0;0;0;3%;0;0;79%;0;0;29%;0;0;0
Sidewinder Sliver;W;Creature — Sliver;0,6;0,33;1;0;0;0;0;0;0;0;0;100%;0;0;0;0;0;0;0;0;0;0;0;0
Sigil Blessing;M;Instant;0,17;0,06;1;0;0;0;0;0;0;0;0;20%;0;0;0;0;0;0;0;0;0;0;0;0
Sign in Blood;B;Sorcery;0,13;0,1;1;0;0;0;0;0;0;0;0;0;0;0;0;0;0;0;0;0;93%;0;0;0
Silhana Ledgewalker;G;Creature — Elf Rogue;0,49;0,37;2;0;0;0;0;0;0;84%;97%;0;0;0;0;0;0;0;0;0;0;0;0;0
Simic Guildgate;C;Land — Gate;0,13;0,04;1;0;0;0;0;2%;0;0;0;0;0;0;0;0;0;0;0;0;0;0;0;0
Simic Signet;C;Artifact;0,15;0,08;1;0;0;0;0;50%;0;0;0;0;0;0;0;0;0;0;0;0;0;0;0;0
Sinew Sliver;W;Creature — Sliver;1,99;1,21;1;0;0;0;0;0;0;0;0;100%;0;0;0;0;0;0;0;0;0;0;0;0
Skarrgan Pit-Skulk;G;Creature — Human Warrior;0,13;0,11;1;0;0;0;0;0;0;100%;0;0;0;0;0;0;0;0;0;0;0;0;0;0
Skred;R;Instant;0,63;0,43;1;0;0;0;0;0;0;0;0;0;0;0;51%;0;0;0;0;0;0;0;0;0
Slip Through Space;C;Sorcery;0,13;0,12;1;8%;0;0;0;0;0;0;0;0;0;0;0;0;0;0;0;0;0;0;0;0
Slippery Bogle;M;Creature — Beast;1,43;1,21;1;0;0;0;0;0;0;0;100%;0;0;0;0;0;0;0;0;0;0;0;0;0
Smash to Smithereens;R;Instant;0,16;0,12;4;0;0;4%;0;0;0;0;0;0;0;100%;1%;0;0;0;0;0;0;0;0;67%
Smelt;R;Instant;0,12;0,08;2;0;0;4%;0;0;0;0;0;0;0;3%;0;0;0;0;0;0;0;0;0;0
Snap;U;Instant;0,5;0,75;3;0;100%;0;0;0;0;0;0;0;0;0;24%;33%;0;0;0;0;0;0;0;0
Snow-Covered Island;C;Basic Snow Land — Island;1,42;0,94;6;42%;20%;19%;0;3%;0;0;0;0;0;0;54%;33%;0;0;0;0;0;0;0;0
Snow-Covered Mountain;C;Basic Snow Land — Mountain;2,22;1,43;4;0;0;19%;0;0;0;0;0;0;0;0;51%;33%;0;0;2%;0;0;0;0;0
Snow-Covered Plains;C;Basic Snow Land — Plains;0,62;0,39;3;38%;20%;0;0;0;0;0;0;0;0;0;0;0;0;0;5%;0;0;0;0;0
Snuff Out;B;Instant;0,34;0,36;1;0;0;0;0;0;0;0;0;0;0;0;0;0;0;0;0;0;0;27%;0;0
Soltari Foot Soldier;W;Creature — Soltari Soldier;0,18;0,1;1;0;0;0;0;0;0;0;0;0;0;0;0;0;0;0;2%;0;0;0;0;0
Somber Hoverguard;U;Creature — Drone;0,13;0,04;1;0;0;0;12%;0;0;0;0;0;0;0;0;0;0;0;0;0;0;0;0;0
Soul Manipulation;M;Instant;0,2;0,07;2;0;0;0;0;0;0;0;0;0;0;0;1%;0;0;9%;0;0;0;0;0;0
Soul Warden;W;Creature — Human Cleric;0,25;0,21;2;0;0;0;0;0;0;0;0;0;0;0;0;0;0;0;0;100%;0;0;67%;0
Soul's Attendant;W;Creature — Human Cleric;1,49;1,33;1;0;0;0;0;0;0;0;0;0;0;0;0;0;0;0;0;100%;0;0;0;0
Spark Elemental;R;Creature — Elemental;0,43;0,13;1;0;0;0;0;0;0;0;0;0;0;3%;0;0;0;0;0;0;0;0;0;0
Sparksmith;R;Creature — Goblin;0,16;0,13;1;0;0;0;0;0;0;0;0;0;0;0;0;0;0;0;0;0;0;0;0;67%
Spell Pierce;U;Instant;0,17;0,12;3;0;0;46%;0;0;0;0;0;0;0;0;13%;0;0;3%;0;0;0;0;0;0
Spellstutter Sprite;U;Creature — Faerie Wizard;0,88;0,69;5;17%;40%;0;0;0;0;0;0;0;0;0;93%;100%;0;3%;0;0;0;0;0;0
Spider Umbra;G;Enchantment — Aura;0,39;0,6;1;0;0;0;0;0;0;0;10%;0;0;0;0;0;0;0;0;0;0;0;0;0
Spidersilk Armor;G;Enchantment;1,26;1,09;1;0;0;0;0;0;82%;0;0;0;0;0;0;0;0;0;0;0;0;0;0;0
Spinneret Sliver;G;Creature — Sliver;0,53;0,33;1;0;0;0;0;0;0;0;0;100%;0;0;0;0;0;0;0;0;0;0;0;0
Spire Golem;C;Artifact Creature — Golem;0,25;0,21;2;0;0;0;0;0;0;0;0;0;0;0;41%;33%;0;0;0;0;0;0;0;0
Spontaneous Mutation;U;Enchantment — Aura;0,12;0,06;2;8%;0;0;0;0;0;0;0;0;0;0;1%;0;0;0;0;0;0;0;0;0
Spore Frog;G;Creature — Frog;1,41;0,7;2;0;0;0;0;0;5%;0;0;0;50%;0;0;0;0;0;0;0;0;0;0;0
Spreading Seas;U;Enchantment — Aura;2,14;1,46;1;0;0;0;0;0;0;0;0;0;0;0;1%;0;0;0;0;0;0;0;0;0
Springleaf Drum;C;Artifact;0,76;0,58;2;0;0;0;100%;0;0;0;0;0;0;0;1%;0;0;0;0;0;0;0;0;0
Squadron Hawk;W;Creature — Bird;0,22;0,19;1;0;0;0;0;0;0;0;0;0;0;0;0;0;0;0;0;0;0;0;100%;0
Staggershock;R;Instant;0,13;0,08;1;0;0;0;0;0;0;0;0;0;0;9%;0;0;0;0;0;0;0;0;0;0
Standard Bearer;W;Creature — Human Flagbearer;0,49;1,14;9;75%;0;0;12%;3%;0;0;76%;80%;0;0;0;0;0;0;58%;100%;0;9%;33%;0
Steel Sabotage;U;Instant;0,12;0,17;1;0;0;0;0;0;0;0;0;0;0;0;14%;0;0;0;0;0;0;0;0;0
Stinkweed Imp;B;Creature — Imp;0,25;0,31;3;0;0;0;0;0;0;0;0;0;100%;0;0;0;0;35%;0;0;0;9%;0;0
Stitched Drake;U;Creature — Zombie Drake;0,12;0,05;1;0;0;0;0;0;0;0;0;0;0;0;5%;0;0;0;0;0;0;0;0;0
Stone Rain;R;Sorcery;0,13;0,07;1;0;0;0;0;0;0;0;0;0;0;0;1%;0;0;0;0;0;0;0;0;0
Stonehorn Dignitary;W;Creature — Rhino Soldier;0,15;0,14;2;0;100%;0;0;10%;0;0;0;0;0;0;0;0;0;0;0;0;0;0;0;0
Stormbound Geist;U;Creature — Spirit;0,19;0,19;6;12%;0;88%;0;0;0;0;0;0;0;0;93%;33%;100%;71%;0;0;0;0;0;0
Strider Harness;C;Artifact — Equipment;0,12;0,03;1;0;0;0;0;0;3%;0;0;0;0;0;0;0;0;0;0;0;0;0;0;0
Striped Riverwinder;U;Creature — Serpent;0,13;0,08;2;0;0;0;0;0;0;0;0;0;0;0;1%;0;100%;0;0;0;0;0;0;0
Sundering Vitae;G;Instant;0,13;0,02;1;0;0;0;0;0;0;0;0;20%;0;0;0;0;0;0;0;0;0;0;0;0
Sunlance;W;Sorcery;0,13;0,09;2;8%;0;0;0;0;0;0;0;0;0;0;0;0;0;0;0;0;0;0;100%;0
Sunscape Familiar;W;Creature — Wall;0,2;0,21;1;0;100%;0;0;0;0;0;0;0;0;0;0;0;0;0;0;0;0;0;0;0
Swamp;C;Basic Land — Swamp;0,15;0,02;7;0;40%;0;0;0;0;0;0;0;100%;0;4%;0;100%;100%;0;0;100%;100%;0;0
Swiftwater Cliffs;C;Land;0,13;0,06;6;0;0;65%;0;40%;0;0;0;0;0;0;4%;67%;0;3%;2%;0;0;0;0;0
Swirling Sandstorm;R;Sorcery;0,19;0,17;4;0;0;0;0;2%;0;0;0;0;0;0;43%;67%;0;0;2%;0;0;0;0;0
Sylvan Ranger;G;Creature — Elf Scout;0,13;0,08;1;0;0;0;0;0;63%;0;0;0;0;0;0;0;0;0;0;0;0;0;0;0
Sylvok Lifestaff;C;Artifact — Equipment;0,13;0,09;1;0;0;0;0;0;0;0;0;0;0;0;0;0;0;0;0;0;0;0;0;67%
Take Down;G;Sorcery;0,12;0,02;1;0;0;0;0;0;0;0;0;20%;0;0;0;0;0;0;0;0;0;0;0;0
Talon Sliver;W;Creature — Sliver;0,24;0,31;1;0;0;0;0;0;0;0;0;40%;0;0;0;0;0;0;0;0;0;0;0;0
Tandem Lookout;U;Creature — Human Scout;0,13;0,07;1;0;0;0;0;0;0;0;0;0;0;0;1%;0;0;0;0;0;0;0;0;0
Tangle;G;Instant;2,79;2,88;4;0;0;0;0;12%;24%;12%;0;20%;0;0;0;0;0;0;0;0;0;0;0;0
Tanglebloom;C;Artifact;0,12;0,02;1;0;0;0;0;0;0;0;0;0;0;0;0;0;0;3%;0;0;0;0;0;0
Temur Battle Rage;R;Instant;0,25;0,31;2;0;0;100%;78%;0;0;0;0;0;0;0;0;0;0;0;0;0;0;0;0;0
Tendrils of Corruption;B;Instant;0,14;0,08;1;0;0;0;0;0;0;0;0;0;0;0;0;0;0;0;0;0;100%;0;0;0
Terminate;M;Instant;0,71;0,68;2;0;0;0;0;0;0;0;0;0;50%;0;0;0;0;3%;0;0;0;0;0;0
Terramorphic Expanse;C;Land;0,13;0,08;4;29%;0;4%;0;0;0;0;0;0;0;0;17%;33%;0;0;0;0;0;0;0;0
Terrarion;C;Artifact;0,13;0,07;1;0;0;0;2%;0;0;0;0;0;0;0;0;0;0;0;0;0;0;0;0;0
Thermo-Alchemist;R;Creature — Human Shaman;0,18;0,1;1;0;0;0;0;0;0;0;0;0;0;71%;0;0;0;0;0;0;0;0;0;0
Thermokarst;G;Sorcery;0,25;0,76;1;0;0;0;0;0;0;0;3%;0;0;0;0;0;0;0;0;0;0;0;0;0
Think Twice;U;Instant;0,16;0,16;2;0;0;0;0;5%;0;0;0;0;0;0;0;0;0;6%;0;0;0;0;0;0
Thorn of the Black Rose;B;Creature — Human Assassin;0,17;0,1;4;0;0;0;0;2%;0;0;0;0;0;0;0;0;0;9%;0;0;64%;18%;0;0
Thornweald Archer;G;Creature — Elf Archer;0,11;0,06;1;0;0;0;0;0;5%;0;0;0;0;0;0;0;0;0;0;0;0;0;0;0
Thornwind Faeries;U;Creature — Faerie;0,14;0,06;1;0;0;0;0;0;0;0;0;0;0;0;3%;0;0;0;0;0;0;0;0;0
Thornwood Falls;C;Land;0,12;0,06;2;0;0;0;0;83%;0;0;0;0;0;0;1%;0;0;0;0;0;0;0;0;0
Thought Scour;U;Instant;0,25;0,32;1;0;0;0;0;0;0;0;0;0;0;0;5%;0;0;0;0;0;0;0;0;0
Thoughtcast;U;Sorcery;0,25;0,2;1;0;0;0;100%;0;0;0;0;0;0;0;0;0;0;0;0;0;0;0;0;0
Thraben Inspector;W;Creature — Human Soldier;0,25;0,35;4;0;0;0;0;0;0;0;3%;0;0;0;0;0;0;0;98%;0;0;100%;100%;0
Thrill of the Hunt;G;Instant;0,14;0,13;1;0;0;0;0;0;0;0;0;20%;0;0;0;0;0;0;0;0;0;0;0;0
Thunderous Wrath;R;Instant;0,13;0,09;2;0;0;0;0;0;0;0;0;0;0;3%;1%;0;0;0;0;0;0;0;0;0
Timberwatch Elf;G;Creature — Elf;0,26;0,11;1;0;0;0;0;0;100%;0;0;0;0;0;0;0;0;0;0;0;0;0;0;0
Tireless Tribe;W;Creature — Human Nomad;0,19;0,2;1;100%;0;0;0;0;0;0;0;0;0;0;0;0;0;0;0;0;0;0;0;0
Tolarian Winds;U;Instant;0,19;0,18;2;4%;0;0;0;2%;0;0;0;0;0;0;0;0;0;0;0;0;0;0;0;0
Tormenting Voice;R;Sorcery;0,12;0,05;1;0;0;0;0;0;0;0;0;0;50%;0;0;0;0;0;0;0;0;0;0;0
Tortured Existence;B;Enchantment;0,35;0,6;1;0;0;0;0;0;0;0;0;0;100%;0;0;0;0;0;0;0;0;0;0;0
Tragic Slip;B;Instant;0,2;0,11;2;0;0;0;0;0;0;0;0;0;0;0;0;0;0;18%;0;0;0;9%;0;0
Tranquil Cove;C;Land;0,12;0,05;4;0;100%;0;0;5%;0;0;0;0;0;0;1%;0;0;0;4%;0;0;0;0;0
Tranquility;G;Sorcery;0,13;0,02;3;0;0;0;2%;3%;0;2%;0;0;0;0;0;0;0;0;0;0;0;0;0;0
Travel Preparations;G;Sorcery;0,13;0,09;1;0;0;0;0;0;0;0;0;20%;0;0;0;0;0;0;0;0;0;0;0;0
Tree of Tales;C;Artifact Land;0,49;0,43;2;0;0;0;100%;2%;0;0;0;0;0;0;0;0;0;0;0;0;0;0;0;0
Triplicate Spirits;W;Sorcery;0,14;0,1;1;0;0;0;0;0;0;0;0;0;0;0;0;0;0;0;0;100%;0;0;0;0
Turn Aside;U;Instant;0,13;0,06;1;0;20%;0;0;0;0;0;0;0;0;0;0;0;0;0;0;0;0;0;0;0
Twisted Abomination;B;Creature — Zombie Mutant;0,13;0,03;1;0;0;0;0;0;0;0;0;0;0;0;0;0;0;0;0;0;7%;0;0;0
Ulamog's Crusher;C;Creature — Eldrazi;0,17;0,13;2;0;0;0;0;57%;11%;0;0;0;0;0;0;0;0;0;0;0;0;0;0;0
Unbridled Growth;G;Enchantment — Aura;0,13;0,06;1;0;0;0;0;0;0;0;3%;0;0;0;0;0;0;0;0;0;0;0;0;0
Undying Evil;B;Instant;0,2;0,26;2;0;0;0;0;0;0;0;0;0;0;0;1%;0;0;0;0;0;7%;0;0;0
Unearth;B;Sorcery;1,24;1,79;2;0;0;0;0;0;0;0;0;0;0;0;0;0;0;9%;0;0;21%;0;0;0
Unknown Shores;C;Land;0,12;0,03;1;0;0;0;0;18%;0;0;0;0;0;0;0;0;0;0;0;0;0;0;0;0
Unmake;M;Instant;0,8;0,55;2;0;0;0;0;0;0;0;0;0;0;0;0;0;0;0;0;0;7%;27%;0;0
Urza's Mine;C;Land — Urza’s Mine;1,79;1,17;1;0;0;0;0;100%;0;0;0;0;0;0;0;0;0;0;0;0;0;0;0;0
Urza's Power Plant;C;Land — Urza’s Power-Plant;1,99;1,26;1;0;0;0;0;100%;0;0;0;0;0;0;0;0;0;0;0;0;0;0;0;0
Urza's Tower;C;Land — Urza’s Tower;1,99;1,17;1;0;0;0;0;100%;0;0;0;0;0;0;0;0;0;0;0;0;0;0;0;0
Utopia Sprawl;G;Enchantment — Aura;3,88;2,48;1;0;0;0;0;0;0;0;100%;0;0;0;0;0;0;0;0;0;0;0;0;0
Valeron Outlander;M;Creature — Human Scout;0,13;0,06;1;0;0;0;0;0;0;0;3%;0;0;0;0;0;0;0;0;0;0;0;0;0
Valley Dasher;R;Creature — Human Berserker;0,12;0,08;1;0;0;0;0;0;0;0;0;0;0;0;0;0;0;0;0;0;0;0;0;33%
Vapor Snag;U;Instant;0,35;0,54;2;0;0;4%;0;0;0;0;0;0;0;0;25%;0;0;0;0;0;0;0;0;0
Vault Skirge;B;Artifact Creature — Imp;0,36;0,6;1;0;0;0;0;0;0;75%;0;0;0;0;0;0;0;0;0;0;0;0;0;0
Vault of Whispers;C;Artifact Land;0,29;0,33;1;0;0;0;10%;0;0;0;0;0;0;0;0;0;0;0;0;0;0;0;0;0
Veteran Armorer;W;Creature — Human Soldier;0,17;0,09;1;0;0;0;0;0;0;0;0;0;0;0;0;0;0;0;0;0;0;0;100%;0
Victim of Night;B;Instant;0,21;0,27;1;0;0;0;0;0;0;0;0;0;0;0;0;0;0;0;0;0;64%;0;0;0
Vines of Vastwood;G;Instant;0,79;0,68;4;0;0;0;0;0;21%;100%;3%;60%;0;0;0;0;0;0;0;0;0;0;0;0
Viridian Longbow;C;Artifact — Equipment;0,31;0,32;2;0;0;0;0;0;84%;82%;0;0;0;0;0;0;0;0;0;0;0;0;0;0
Virulent Sliver;G;Creature — Sliver;0,45;0,3;1;0;0;0;0;0;0;0;0;100%;0;0;0;0;0;0;0;0;0;0;0;0
Vodalian Zombie;M;Creature — Merfolk Zombie;0,15;0,13;3;0;0;0;0;0;0;0;0;0;0;0;1%;0;100%;53%;0;0;0;0;0;0
Wail of the Nim;B;Instant;0,13;0,1;3;0;0;0;0;2%;0;0;0;0;0;0;0;0;0;6%;0;0;7%;0;0;0
Wall of Hope;W;Creature — Wall;0,19;0,11;1;0;0;0;0;0;0;0;0;0;0;0;0;0;0;0;0;0;0;45%;0;0
War Falcon;W;Creature — Bird;0,12;0,11;1;0;0;0;0;0;0;0;0;0;0;0;0;0;0;0;0;0;0;0;33%;0
Watcher Sliver;W;Creature — Sliver;0,15;0,11;1;0;0;0;0;0;0;0;0;20%;0;0;0;0;0;0;0;0;0;0;0;0
Weight of Conscience;W;Enchantment — Aura;0,13;0,03;1;0;0;0;0;0;0;0;0;0;0;0;0;0;0;0;0;0;0;9%;0;0
Wellwisher;G;Creature — Elf;0,59;0,38;1;0;0;0;0;0;95%;0;0;0;0;0;0;0;0;0;0;0;0;0;0;0
Whiplash Trap;U;Instant — Trap;0,12;0,02;1;0;0;0;0;0;0;0;0;0;0;0;1%;0;0;0;0;0;0;0;0;0
Wight of Precinct Six;B;Creature — Zombie;0,11;0,06;1;0;0;0;0;0;0;0;0;0;0;0;0;0;0;0;0;0;7%;0;0;0
Wild Growth;G;Enchantment — Aura;0,14;0,13;1;0;0;0;0;0;0;0;3%;0;0;0;0;0;0;0;0;0;0;0;0;0
Wild Mongrel;G;Creature — Hound;0,21;0,18;1;0;0;0;0;0;0;2%;0;0;0;0;0;0;0;0;0;0;0;0;0;0
Wind-Scarred Crag;C;Land;0,12;0,07;4;0;0;0;0;0;0;0;0;0;0;0;1%;0;0;0;88%;100%;0;0;67%;0
Wirewood Herald;G;Creature — Elf;0,15;0,23;1;0;0;0;0;0;3%;0;0;0;0;0;0;0;0;0;0;0;0;0;0;0
Wirewood Pride;G;Instant;0,14;0,22;1;0;0;0;0;0;8%;0;0;0;0;0;0;0;0;0;0;0;0;0;0;0
Wizard Replica;C;Artifact Creature — Wizard;0,13;0,04;1;0;0;0;0;0;5%;0;0;0;0;0;0;0;0;0;0;0;0;0;0;0
Wrap in Vigor;G;Instant;0,15;0,09;1;0;0;0;0;0;61%;0;0;0;0;0;0;0;0;0;0;0;0;0;0;0
Wrench Mind;B;Sorcery;0,22;0,21;1;0;0;0;0;0;0;0;0;0;0;0;0;0;0;0;0;0;36%;0;0;0
Wretched Gryff;C;Creature — Eldrazi Hippogriff;0,13;0,09;1;0;0;0;0;50%;0;0;0;0;0;0;0;0;0;0;0;0;0;0;0;0
Young Wolf;G;Creature — Wolf;0,25;0,33;3;0;0;0;0;0;0;100%;97%;20%;0;0;0;0;0;0;0;0;0;0;0;0
Zombie Outlander;M;Creature — Zombie Scout;0,13;0,08;2;0;0;0;0;0;0;0;0;0;0;0;1%;0;0;24%;0;0;0;0;0;0
